,date,vaccine_num_total,vaccine_num_daily,link
0,2022-12-13,3451677000,1433000,http://www.gov.cn/xinwen/2022-12/14/content_5731922.htm
1,2022-12-12,3450244000,1252000,http://www.nhc.gov.cn/xcs/yqjzqk/202212/e2b3e84dad9a4dd69e2b333af7e401c6.shtml
2,2022-12-11,3448992000,817000,http://www.nhc.gov.cn/xcs/yqjzqk/202212/d549a765d6584ecd85b67ebf78155b04.shtml
3,2022-12-10,3448175000,1023000,http://www.nhc.gov.cn/xcs/yqjzqk/202212/bdf09923a0724760becaa8a775c71a6b.shtml
4,2022-12-09,3447152000,1011000,http://www.nhc.gov.cn/xcs/yqjzqk/202212/32d1b1c431c542ac99a3d43b05cf2073.shtml
5,2022-12-08,3446141000,739000,http://www.nhc.gov.cn/xcs/yqjzqk/202212/91e92764032940858a47326314afad30.shtml
6,2022-12-07,3445402000,496000,http://www.nhc.gov.cn/xcs/yqjzqk/202212/fb45db9968d948c7a22d82ff9b0f84db.shtml
7,2022-12-06,3444906000,358000,http://www.nhc.gov.cn/xcs/yqjzqk/202212/f43d662ccc444430a8d110d056d17d05.shtml
8,2022-12-05,3444548000,253000,http://www.nhc.gov.cn/xcs/yqjzqk/202212/a33e0770d251402ca15c361e5a37943c.shtml
9,2022-12-04,3444295000,129000,http://www.nhc.gov.cn/xcs/yqjzqk/202212/4b8c52f3abef4295b308bc4bd17c663c.shtml
10,2022-12-03,3444166000,156000,http://www.nhc.gov.cn/xcs/yqjzqk/202212/b61523d0419244618f06626bc9dfaa4b.shtml
11,2022-12-02,3444010000,123000,http://www.nhc.gov.cn/xcs/yqjzqk/202212/3bbfb68c6a664183ae334d3d739cce71.shtml
12,2022-12-01,3443887000,138000,http://www.nhc.gov.cn/xcs/yqjzqk/202212/29a8d964493646f5b4e1472c5b7dd820.shtml
13,2022-11-30,3443749000,195000,http://www.nhc.gov.cn/xcs/yqjzqk/202212/89c2e70ef019464bb39702922955a20b.shtml
14,2022-11-29,3443554000,103000,http://www.nhc.gov.cn/xcs/yqjzqk/202211/44ba0f46473c4cbaaf6e8dcbc79818cc.shtml
15,2022-11-28,3443451000,124000,http://www.nhc.gov.cn/xcs/yqjzqk/202211/273b32f9a5ed4f9280f24e9ceefbab1d.shtml
16,2022-11-27,3443327000,87000,http://www.nhc.gov.cn/xcs/yqjzqk/202211/5b4970ab4a184e84aa6c62753ceb8e3e.shtml
17,2022-11-26,3443240000,126000,http://www.nhc.gov.cn/xcs/yqjzqk/202211/65fbcd7877a24a4487f32fbabdc7ffee.shtml
18,2022-11-25,3443114000,138000,http://www.nhc.gov.cn/xcs/yqjzqk/202211/35b6cb5a6a214ecdaf9e6b1b5affaa36.shtml
19,2022-11-24,3442976000,136000,http://www.nhc.gov.cn/xcs/yqjzqk/202211/be85b530b30c4c54b0d794876db24756.shtml
20,2022-11-23,3442840000,157000,http://www.nhc.gov.cn/xcs/yqjzqk/202211/6fb772a75ab24163ba0af83797e9582e.shtml
21,2022-11-22,3442683000,144000,http://www.nhc.gov.cn/xcs/yqjzqk/202211/7260b67ef7b64de6970c6735240bd909.shtml
22,2022-11-21,3442539000,163000,http://www.nhc.gov.cn/xcs/yqjzqk/202211/6a4b3638e2d54b8fba7e4ffd218a9c86.shtml
23,2022-11-20,3442376000,123000,http://www.nhc.gov.cn/xcs/yqjzqk/202211/94f38019824f421c970b87b9802878d9.shtml
24,2022-11-19,3442253000,173000,http://www.nhc.gov.cn/xcs/yqjzqk/202211/f1d974c83ad04ea8bc9390ff2f363926.shtml
25,2022-11-18,3442080000,221000,http://www.nhc.gov.cn/xcs/yqjzqk/202211/c6334349c9b14306be9970bfb5bf86d7.shtml
26,2022-11-17,3441859000,179000,http://www.nhc.gov.cn/xcs/yqjzqk/202211/559d9d310c4a4116a9be0d63f5a14463.shtml
27,2022-11-16,3441680000,183000,http://www.nhc.gov.cn/xcs/yqjzqk/202211/a000c0b89d8442c5a3506b73f350c74c.shtml
28,2022-11-15,3441497000,163000,http://www.nhc.gov.cn/xcs/yqjzqk/202211/5994446437f94f02bec1c0c0f6b77fb6.shtml
29,2022-11-14,3441334000,129000,http://www.nhc.gov.cn/xcs/yqjzqk/202211/4c494e4a58784bfda3b1523bbc665e19.shtml
30,2022-11-13,3441205000,79000,http://www.nhc.gov.cn/xcs/yqjzqk/202211/687dbb88d1644a4a9eb44ab1cebbdd2e.shtml
31,2022-11-12,3441126000,119000,http://www.nhc.gov.cn/xcs/yqjzqk/202211/75c162c7461547558ce154cdd6923ccb.shtml
32,2022-11-11,3441007000,128000,http://www.nhc.gov.cn/xcs/yqjzqk/202211/9e7d302c0bd94b67a1c16b131fa74786.shtml
33,2022-11-10,3440879000,119000,http://www.nhc.gov.cn/xcs/yqjzqk/202211/5c92b4788c6d4e02b03c53ee3f921dee.shtml
34,2022-11-09,3440760000,122000,http://www.nhc.gov.cn/xcs/yqjzqk/202211/507b963ee90f450392410796fa4307ff.shtml
35,2022-11-08,3440638000,114000,http://www.nhc.gov.cn/xcs/yqjzqk/202211/ede169064d2a491896e773ad2d18b7a2.shtml
36,2022-11-07,3440524000,103000,http://www.nhc.gov.cn/jkj/s7915/202211/98912a7a8ed64b9a900fcbabd72e1258.shtml
37,2022-11-06,3440421000,75000,http://www.nhc.gov.cn/jkj/s7915/202211/922ac1ecde304e6d8974e930023f6245.shtml
38,2022-11-05,3440346000,115000,http://www.nhc.gov.cn/jkj/s7915/202211/99ad112417c243109f7cb8f1455a7a0f.shtml
39,2022-11-04,3440231000,112000,http://www.nhc.gov.cn/jkj/s7915/202211/cad1c4549419491fb9688f043c3c9511.shtml
40,2022-11-03,3440119000,103000,http://www.nhc.gov.cn/jkj/s7915/202211/1443f91248a94e77bea613a560257c0b.shtml
41,2022-11-02,3440016000,109000,http://www.nhc.gov.cn/jkj/s7915/202211/887241104abe47d0b4ac2c9d5d17e93d.shtml
42,2022-11-01,3439907000,105000,http://www.nhc.gov.cn/jkj/s7915/202211/a2eb89a3a0634be881b53b440bc3f143.shtml
43,2022-10-31,3439802000,104000,http://www.nhc.gov.cn/jkj/s7915/202211/f808a6420e584b9583fd982a7274f8a4.shtml
44,2022-10-30,3439698000,78000,http://www.nhc.gov.cn/jkj/s7915/202210/077911bc37a346a3b6d15249d0c4a167.shtml
45,2022-10-29,3439620000,95000,http://www.nhc.gov.cn/jkj/s7915/202210/d041a6d5b38c456382a24e90be8ce3c1.shtml
46,2022-10-28,3439525000,117000,http://www.nhc.gov.cn/jkj/s7915/202210/0b8c6423c46644e0ae793d3fb68a09cd.shtml
47,2022-10-27,3439408000,109000,http://www.nhc.gov.cn/jkj/s7915/202210/620100bb2c404d88a0da550d5ec5b9dc.shtml
48,2022-10-26,3439299000,98000,http://www.nhc.gov.cn/jkj/s7915/202210/fe4d6c41b2514b82940deee987a32c19.shtml
49,2022-10-25,3439201000,114000,http://www.nhc.gov.cn/jkj/s7915/202210/8cfe270e67164dc8ae00104b78146325.shtml
50,2022-10-24,3439087000,94000,http://www.nhc.gov.cn/jkj/s7915/202210/724cb1418db64b26a2e52dc2c47541a9.shtml
51,2022-10-23,3438993000,73000,http://www.nhc.gov.cn/jkj/s7915/202210/ff93394c69084cdca068d70ad33a1b10.shtml
52,2022-10-22,3438920000,103000,http://www.nhc.gov.cn/jkj/s7915/202210/a098056eeec545bd9975dc9d3d524677.shtml
53,2022-10-21,3438817000,120000,http://www.nhc.gov.cn/jkj/s7915/202210/62608d1b29444d3a8530259bfff81763.shtml
54,2022-10-20,3438697000,109000,http://www.nhc.gov.cn/jkj/s7915/202210/ee27c9d130e84107a4c018cb577d3675.shtml
55,2022-10-19,3438588000,106000,http://www.nhc.gov.cn/jkj/s7915/202210/c68733c91bb74c20a8be484e109c110d.shtml
56,2022-10-18,3438482000,104000,http://www.nhc.gov.cn/jkj/s7915/202210/21db89e8211d4ee3811d4597852e0198.shtml
57,2022-10-17,3438378000,101000,http://www.nhc.gov.cn/jkj/s7915/202210/5902540cd6ff443ea29c4acee7942956.shtml
58,2022-10-16,3438277000,75000,http://www.nhc.gov.cn/jkj/s7915/202210/49ab1f0e6b8c4078a58b17a052dee8cf.shtml
59,2022-10-15,3438202000,116000,http://www.nhc.gov.cn/jkj/s7915/202210/49c4ec373e1e4ebc846e620204657c95.shtml
60,2022-10-14,3438086000,125000,http://www.nhc.gov.cn/jkj/s7915/202210/535d95484f6c46b5b56421e22fa6473d.shtml
61,2022-10-13,3437961000,110000,http://www.nhc.gov.cn/jkj/s7915/202210/244af8e15e594d0ea299332167fed5b4.shtml
62,2022-10-12,3437851000,123000,http://www.nhc.gov.cn/jkj/s7915/202210/c305699ee3fc4737ba638d652c1c2fac.shtml
63,2022-10-11,3437728000,109000,http://www.nhc.gov.cn/jkj/s7915/202210/b2c0cfd6965643b9b0e3409d7815a92e.shtml
64,2022-10-10,3437619000,103000,http://www.nhc.gov.cn/jkj/s7915/202210/b6fdfdd2755b40ad865d32e2469e42a8.shtml
65,2022-10-09,3437516000,74000,http://www.nhc.gov.cn/jkj/s7915/202210/f9b01e253af848e686f72a7eb6b16bbf.shtml
66,2022-10-08,3437442000,95000,http://www.nhc.gov.cn/jkj/s7915/202210/e3f333c107824eafa91bd24ba2bcea72.shtml
67,2022-10-07,3437347000,61000,http://www.nhc.gov.cn/jkj/s7915/202210/f97c250b492d4f508841d06e97fbb6fa.shtml
68,2022-10-06,3437286000,68000,http://www.nhc.gov.cn/jkj/s7915/202210/e2074138aa4147ea9d1197d9346dc877.shtml
69,2022-10-05,3437218000,57000,http://www.nhc.gov.cn/jkj/s7915/202210/4ca11b2ae6774b6cbd176968365fc12a.shtml
70,2022-10-04,3437161000,76000,http://www.nhc.gov.cn/jkj/s7915/202210/fa10b063e34c41efbdc09eb9491d394a.shtml
71,2022-10-03,3437085000,67000,http://www.nhc.gov.cn/jkj/s7915/202210/6da2c827b2684624a5d205cae53b45dc.shtml
72,2022-10-02,3437018000,52000,http://www.nhc.gov.cn/jkj/s7915/202210/c503554bfc88448998a8677a517d1b30.shtml
73,2022-10-01,3436966000,55000,http://www.nhc.gov.cn/jkj/s7915/202210/86810e7310d74e7bbe75f4ec43b329cd.shtml
74,2022-09-30,3436911000,138000,http://www.nhc.gov.cn/jkj/s7915/202210/1cafe0cb9069476bafebedc8adb7f5b3.shtml
75,2022-09-29,3436773000,143000,http://www.nhc.gov.cn/jkj/s7915/202209/76bc30de48144ab99d3dde66430876f6.shtml
76,2022-09-28,3436630000,136000,http://www.nhc.gov.cn/jkj/s7915/202209/1fed67e755864c408f54e7f2b0bd5cee.shtml
77,2022-09-27,3436494000,139000,http://www.nhc.gov.cn/jkj/s7915/202209/6c994127ac7147018b61f416f0cbb451.shtml
78,2022-09-26,3436355000,128000,http://www.nhc.gov.cn/jkj/s7915/202209/f99ff974a84d436c9a9f9b85ab95cab3.shtml
79,2022-09-25,3436227000,95000,http://www.nhc.gov.cn/jkj/s7915/202209/f2441848fae64114b7a1163ad1b0a53f.shtml
80,2022-09-24,3436132000,131000,http://www.nhc.gov.cn/jkj/s7915/202209/ae073fd303d44890b5133f0ce51610c5.shtml
81,2022-09-23,3436001000,146000,http://www.nhc.gov.cn/jkj/s7915/202209/8270cd5bcaa040d9bebc225ca7406490.shtml
82,2022-09-22,3435855000,136000,http://www.nhc.gov.cn/jkj/s7915/202209/4d6f6eac99b94a99a0740c81e5b956c8.shtml
83,2022-09-21,3435719000,142000,http://www.nhc.gov.cn/jkj/s7915/202209/cbf3d637f9b943f3ae990163343906e5.shtml
84,2022-09-20,3435577000,135000,http://www.nhc.gov.cn/jkj/s7915/202209/1cfc481e0466430e9f21b6b794d389a8.shtml
85,2022-09-19,3435442000,140000,http://www.nhc.gov.cn/jkj/s7915/202209/879368f4fb544c28ae11a5387a519a5d.shtml
86,2022-09-18,3435302000,95000,http://www.nhc.gov.cn/jkj/s7915/202209/459a1c35e1054837be3ab754082b91c6.shtml
87,2022-09-17,3435207000,141000,http://www.nhc.gov.cn/jkj/s7915/202209/e206205b15c04e098cd454a4132154dc.shtml
88,2022-09-16,3435066000,160000,http://www.nhc.gov.cn/jkj/s7915/202209/108bb99e4bb844fa9f83b4b41a297f15.shtml
89,2022-09-15,3434906000,132000,http://www.nhc.gov.cn/jkj/s7915/202209/34c3c39a85e04653b5319b2df2b50251.shtml
90,2022-09-14,3434774000,153000,http://www.nhc.gov.cn/jkj/s7915/202209/3413803fc3524fb39f0cdb0003bc6aa0.shtml
91,2022-09-13,3434621000,134000,http://www.nhc.gov.cn/jkj/s7915/202209/70eb1da3bd7140219c4db851af743c7f.shtml
92,2022-09-12,3434487000,97000,http://www.nhc.gov.cn/jkj/s7915/202209/706172e476cc4387a82837f9e6318cde.shtml
93,2022-09-11,3434390000,73000,http://www.nhc.gov.cn/jkj/s7915/202209/17c98c6686c3438b8f0cb34a8d867f40.shtml
94,2022-09-10,3434317000,47000,http://www.nhc.gov.cn/jkj/s7915/202209/432f351a3af34145b42b6f109d144748.shtml
95,2022-09-09,3434270000,151000,http://www.nhc.gov.cn/jkj/s7915/202209/16d333a68d7c4f3ea16df247f213b5f8.shtml
96,2022-09-08,3434119000,159000,http://www.nhc.gov.cn/jkj/s7915/202209/7900eb935b0f4cf3b7a27eb118ec78bb.shtml
97,2022-09-07,3433960000,172000,http://www.nhc.gov.cn/jkj/s7915/202209/bd4b832a48df4af5bc92a289d175e87b.shtml
98,2022-09-06,3433788000,173000,http://www.nhc.gov.cn/jkj/s7915/202209/3227669b745747c28078251b064150d1.shtml
99,2022-09-05,3433615000,165000,http://www.nhc.gov.cn/jkj/s7915/202209/a2c5c9f4c18a4c7b98885afcde8aef53.shtml
100,2022-09-04,3433450000,122000,http://www.nhc.gov.cn/jkj/s7915/202209/986e82c0f96a4faa9a7b229765975b68.shtml
101,2022-09-03,3433328000,146000,http://www.nhc.gov.cn/jkj/s7915/202209/9cdf6b7535d94eb1b185d66785640113.shtml
102,2022-09-02,3433182000,198000,http://www.nhc.gov.cn/jkj/s7915/202209/93ad2ecaa84a4cadbe3abab750994b7b.shtml
103,2022-09-01,3432984000,206000,http://www.nhc.gov.cn/jkj/s7915/202209/a82d737ea6154c9da1fd2a118f56e6e3.shtml
104,2022-08-31,3432778000,272000,http://www.nhc.gov.cn/jkj/s7915/202209/e3b82c5fbf5944a284f5ec68784065a4.shtml
105,2022-08-30,3432506000,271000,http://www.nhc.gov.cn/jkj/s7915/202208/9c3fb6d052c0464aa7b7e2e4558e73b4.shtml
106,2022-08-29,3432235000,270000,http://www.nhc.gov.cn/jkj/s7915/202208/63a77e7477d7409da2bce2c59e475313.shtml
107,2022-08-28,3431965000,174000,http://www.nhc.gov.cn/jkj/s7915/202208/d3ad0adaf05640ffb674d0896f66f68f.shtml
108,2022-08-27,3431791000,231000,http://www.nhc.gov.cn/jkj/s7915/202208/bd2f3dcde11e47ada69f8fa02c08a7bf.shtml
109,2022-08-26,3431560000,313000,http://www.nhc.gov.cn/jkj/s7915/202208/495df4be33fc4e9b98dae7fe2b43da73.shtml
110,2022-08-25,3431247000,298000,http://www.nhc.gov.cn/jkj/s7915/202208/b303fde6ef024c2ab58f471196ddd0b4.shtml
111,2022-08-24,3430949000,325000,http://www.nhc.gov.cn/jkj/s7915/202208/ef660b4fe5ae454080814678c54e5bc4.shtml
112,2022-08-23,3430624000,327000,http://www.nhc.gov.cn/jkj/s7915/202208/6c767517c5c446dc9fe733956bfb7fdb.shtml
113,2022-08-22,3430297000,309000,http://www.nhc.gov.cn/jkj/s7915/202208/b372fa2d0e984e3b90854a1b5e3b0e74.shtml
114,2022-08-21,3429988000,184000,http://www.nhc.gov.cn/jkj/s7915/202208/9ac1b6323f844e7ca8610717f81fc922.shtml
115,2022-08-20,3429804000,225000,http://www.nhc.gov.cn/jkj/s7915/202208/fb89afb2a70147b8a482253e7a6396fd.shtml
116,2022-08-19,3429579000,325000,http://www.nhc.gov.cn/jkj/s7915/202208/459a0e7c57ce488ba7601476ea154af6.shtml
117,2022-08-18,3429254000,321000,http://www.nhc.gov.cn/jkj/s7915/202208/57cca091bf2d4eb78aa7eb24f486b684.shtml
118,2022-08-17,3428933000,346000,http://www.nhc.gov.cn/jkj/s7915/202208/6c933a5ebb34400ebc2303238f1d0f85.shtml
119,2022-08-16,3428587000,329000,http://www.nhc.gov.cn/jkj/s7915/202208/68d51bbbce794b7ebfda0972ccee21f0.shtml
120,2022-08-15,3428258000,293000,http://www.nhc.gov.cn/jkj/s7915/202208/c93626318fda472cb9a515fdf867d26e.shtml
121,2022-08-14,3427965000,177000,http://www.nhc.gov.cn/jkj/s7915/202208/4092a0f337b6492cb5beeb64c81139a4.shtml
122,2022-08-13,3427788000,224000,http://www.nhc.gov.cn/jkj/s7915/202208/b893acf698614b25818b509b21361c8b.shtml
123,2022-08-12,3427564000,318000,http://www.nhc.gov.cn/jkj/s7915/202208/5a0eee2a92494225bf91463588be458b.shtml
124,2022-08-11,3427246000,308000,http://www.nhc.gov.cn/jkj/s7915/202208/027e0ff1806a4b1d9794b9c8d5423d34.shtml
125,2022-08-10,3426938000,319000,http://www.nhc.gov.cn/jkj/s7915/202208/943d40ae07964c55867d066125fe73d0.shtml
126,2022-08-09,3426619000,303000,http://www.nhc.gov.cn/jkj/s7915/202208/c7eeb1f48afa46809a93ebffda82971b.shtml
127,2022-08-08,3426316000,293000,http://www.nhc.gov.cn/jkj/s7915/202208/957251d8597440759ad7a1366c513d39.shtml
128,2022-08-07,3426023000,180000,http://www.nhc.gov.cn/jkj/s7915/202208/f98437882b234a868e79a63644897263.shtml
129,2022-08-06,3425843000,250000,http://www.nhc.gov.cn/jkj/s7915/202208/964cf3169a1c47a18d058c35f19d0751.shtml
130,2022-08-05,3425593000,375000,http://www.nhc.gov.cn/jkj/s7915/202208/9d39a713b1b347e8bbd29c2a909fbae3.shtml
131,2022-08-04,3425218000,380000,http://www.nhc.gov.cn/jkj/s7915/202208/ea611bc7c4cf42b98bc69675b7a450d7.shtml
132,2022-08-03,3424838000,373000,http://www.nhc.gov.cn/jkj/s7915/202208/c7b4342681834e5ca5caf68f19feec95.shtml
133,2022-08-02,3424465000,395000,http://www.nhc.gov.cn/jkj/s7915/202208/9191056997eb422abab54666df2e2f20.shtml
134,2022-08-01,3424070000,401000,http://www.nhc.gov.cn/jkj/s7915/202208/c210efddeafa40ce9e7c392d47c58190.shtml
135,2022-07-31,3423669000,759000,http://www.nhc.gov.cn/jkj/s7915/202208/88a9359ed69b4748b53f2e123349fd8b.shtml
136,2022-07-30,3422910000,850000,http://www.nhc.gov.cn/jkj/s7915/202207/b3d6f484c10047d9be0deb16d9035227.shtml
137,2022-07-29,3422060000,939000,http://www.nhc.gov.cn/jkj/s7915/202207/f47adbacfb9440f3ab73a16bda91a150.shtml
138,2022-07-28,3421121000,861000,http://www.nhc.gov.cn/jkj/s7915/202207/656e42eafba447cb9b87fcf225d83cc0.shtml
139,2022-07-27,3420260000,819000,http://www.nhc.gov.cn/jkj/s7915/202207/59315ad9fa59436597a535201b35ef1f.shtml
140,2022-07-26,3419441000,803000,http://www.nhc.gov.cn/jkj/s7915/202207/8719001c8e3e4ef9a0bf778f06a07c7b.shtml
141,2022-07-25,3418638000,738000,http://www.nhc.gov.cn/jkj/s7915/202207/393ee0f2dc41493cace12b8b8a11cc91.shtml
142,2022-07-24,3417900000,543000,http://www.nhc.gov.cn/jkj/s7915/202207/091c4a5222914b6d8d493b6bf0cdd4bd.shtml
143,2022-07-23,3417357000,630000,http://www.nhc.gov.cn/jkj/s7915/202207/70cbd506c3f743c5adffbd3ef6826446.shtml
144,2022-07-22,3416727000,793000,http://www.nhc.gov.cn/jkj/s7915/202207/602efd4b0cde4bf68852738dec429645.shtml
145,2022-07-21,3415934000,788000,http://www.nhc.gov.cn/jkj/s7915/202207/4c57bb1e6bf44cb5abb5a3f3344f2993.shtml
146,2022-07-20,3415146000,758000,http://www.nhc.gov.cn/jkj/s7915/202207/5979aa7a7a7441d68b615a716dbcf847.shtml
147,2022-07-19,3414388000,760000,http://www.nhc.gov.cn/jkj/s7915/202207/a076b7e685f743db94eb47884a2abb39.shtml
148,2022-07-18,3413628000,678000,http://www.nhc.gov.cn/jkj/s7915/202207/dbaaad7c47474a509c98d441678f7d3e.shtml
149,2022-07-17,3412950000,493000,http://www.nhc.gov.cn/jkj/s7915/202207/4938a57eedbb491ca5cbb0e099baf5b6.shtml
150,2022-07-16,3412457000,554000,http://www.nhc.gov.cn/jkj/s7915/202207/5ef3a5cc97cb4bc5b043815950f96662.shtml
151,2022-07-15,3411903000,767000,http://www.nhc.gov.cn/jkj/s7915/202207/eec30b5442d345c98b9bc9bc4955d912.shtml
152,2022-07-14,3411136000,723000,http://www.nhc.gov.cn/jkj/s7915/202207/b17a0dae49d54876936938302543b447.shtml
153,2022-07-13,3410413000,716000,http://www.nhc.gov.cn/jkj/s7915/202207/92b5a0e3d81a4fecab407661195f666a.shtml
154,2022-07-12,3409697000,665000,http://www.nhc.gov.cn/jkj/s7915/202207/e5b15bb2d32e4ddbb15659958296d364.shtml
155,2022-07-11,3409032000,628000,http://www.nhc.gov.cn/jkj/s7915/202207/d7be0170be494608ae18bee862e7f54c.shtml
156,2022-07-10,3408404000,459000,http://www.nhc.gov.cn/jkj/s7915/202207/3883e5ef3db74891bb0a8fa0c527be72.shtml
157,2022-07-09,3407945000,584000,http://www.nhc.gov.cn/jkj/s7915/202207/d027b8fa0ace4a2ca7729bad099b7435.shtml
158,2022-07-08,3407361000,804000,http://www.nhc.gov.cn/jkj/s7915/202207/5bad21a3b30548f1ad8ef749f7b5d851.shtml
159,2022-07-07,3406557000,745000,http://www.nhc.gov.cn/jkj/s7915/202207/7f57bbe3beda47a69751a29c97ab83dd.shtml
160,2022-07-06,3405812000,654000,http://www.nhc.gov.cn/jkj/s7915/202207/41bde029ad614bd6ae17f1adcec8d407.shtml
161,2022-07-05,3405158000,621000,http://www.nhc.gov.cn/jkj/s7915/202207/2fb4102545d241939906daadebd4471b.shtml
162,2022-07-04,3404537000,548000,http://www.nhc.gov.cn/jkj/s7915/202207/5075602588e640bea1da824eb4d98a08.shtml
163,2022-07-03,3403989000,346000,http://www.nhc.gov.cn/jkj/s7915/202207/7a86af881bf04e6b8a73d99821f5324b.shtml
164,2022-07-02,3403643000,442000,http://www.nhc.gov.cn/jkj/s7915/202207/8f039b28a4f9418591531be2eeb14619.shtml
165,2022-07-01,3403201000,579000,http://www.nhc.gov.cn/jkj/s7915/202207/090a7b0fdba34956987329829be01464.shtml
166,2022-06-30,3402622000,765000,http://www.nhc.gov.cn/jkj/s7915/202207/7d6232fa92c74911a276675acf5a3022.shtml
167,2022-06-29,3401857000,745000,http://www.nhc.gov.cn/jkj/s7915/202206/19e1b36f84bd4a8b9ad60d9a059b3d6a.shtml
168,2022-06-28,3401112000,711000,http://www.nhc.gov.cn/jkj/s7915/202206/5ddb9316fc854373a746084f924de5fc.shtml
169,2022-06-27,3400401000,598000,http://www.nhc.gov.cn/jkj/s7915/202206/0c8a2a62fbaa4626af31f15dd1ba227b.shtml
170,2022-06-26,3399803000,486000,http://www.nhc.gov.cn/jkj/s7915/202206/194194ef50c74a5ba9af6a6c775f0995.shtml
171,2022-06-25,3399317000,555000,http://www.nhc.gov.cn/jkj/s7915/202206/84b28c26fc5b4859a14034fc8fd85c4b.shtml
172,2022-06-24,3398762000,769000,http://www.nhc.gov.cn/jkj/s7915/202206/0e30f72c50f04ce0b2bbdeebf0644e53.shtml
173,2022-06-23,3397993000,769000,http://www.nhc.gov.cn/jkj/s7915/202206/ba8c76d3eb754288b92eb75c6399e6c7.shtml
174,2022-06-22,3397224000,778000,http://www.nhc.gov.cn/jkj/s7915/202206/0d8484cd39df4103a3128616a401fffe.shtml
175,2022-06-21,3396446000,742000,http://www.nhc.gov.cn/jkj/s7915/202206/301dd532cb414bd992983ebe4d40c331.shtml
176,2022-06-20,3395704000,678000,http://www.nhc.gov.cn/jkj/s7915/202206/378cf8c6468540189c96c561956a9530.shtml
177,2022-06-19,3395026000,522000,http://www.nhc.gov.cn/jkj/s7915/202206/c56bacbde96a46ea91b7247be62d815c.shtml
178,2022-06-18,3394504000,597000,http://www.nhc.gov.cn/jkj/s7915/202206/03130314aac84138b3df0cd79d13d834.shtml
179,2022-06-17,3393907000,788000,http://www.nhc.gov.cn/jkj/s7915/202206/7c488b9bd2e44514831c9e1b50d1dd00.shtml
180,2022-06-16,3393119000,1164000,http://www.nhc.gov.cn/jkj/s7915/202206/59d2718ad0df4129aeceb7d4b23859d8.shtml
181,2022-06-15,3391955000,867000,http://www.nhc.gov.cn/jkj/s7915/202206/4172a716e5ca4a4aa0ff2c418190a0ec.shtml
182,2022-06-14,3391088000,894000,http://www.nhc.gov.cn/jkj/s7915/202206/f11a7d23c8f043ae94b63334a9a44d0f.shtml
183,2022-06-13,3390194000,740000,http://www.nhc.gov.cn/jkj/s7915/202206/70231e1bec0742a3a8b0cfd4480df701.shtml
184,2022-06-12,3389454000,550000,http://www.nhc.gov.cn/jkj/s7915/202206/6aae2dd920b24dbd9ac8296b88527876.shtml
185,2022-06-11,3388904000,648000,http://www.nhc.gov.cn/jkj/s7915/202206/4e4c63e5522a4fb8a24aea555996be6a.shtml
186,2022-06-10,3388256000,810000,http://www.nhc.gov.cn/jkj/s7915/202206/c71bb1d478ea4659b0c1d73b26f93464.shtml
187,2022-06-09,3387446000,799000,http://www.nhc.gov.cn/jkj/s7915/202206/28baa663507c43ef8710dcec0acaa127.shtml
188,2022-06-08,3386647000,794000,http://www.nhc.gov.cn/jkj/s7915/202206/1bd7697d1cee40ca87c8455a7e1e4abd.shtml
189,2022-06-07,3385853000,773000,http://www.nhc.gov.cn/jkj/s7915/202206/78713bdde65846c38a7edf6caafccf58.shtml
190,2022-06-06,3385080000,708000,http://www.nhc.gov.cn/jkj/s7915/202206/ec0e9c4eb783433e9a2e5678f4ba37ec.shtml
191,2022-06-05,3384372000,454000,http://www.nhc.gov.cn/jkj/s7915/202206/7981d98fe641439bab79bcc63c1a018e.shtml
192,2022-06-04,3383918000,502000,http://www.nhc.gov.cn/jkj/s7915/202206/c604dd94f5444cbc918ed7972dc94fe0.shtml
193,2022-06-03,3383416000,418000,http://www.nhc.gov.cn/jkj/s7915/202206/92cec42918954569847b1cf73cf26094.shtml
194,2022-06-02,3382998000,820000,http://www.nhc.gov.cn/jkj/s7915/202206/b5e54d1edaf743a7a76c28f7ffb72879.shtml
195,2022-06-01,3382178000,864000,http://www.nhc.gov.cn/jkj/s7915/202206/89a61fb353c347a29fadb7185869bfac.shtml
196,2022-05-31,3381314000,1123000,http://www.nhc.gov.cn/jkj/s7915/202206/412ec9bc37f946068cf983e460825777.shtml
197,2022-05-30,3380191000,1116000,http://www.nhc.gov.cn/jkj/s7915/202205/2026b8ef1bcf45039af08ee14beee7c1.shtml
198,2022-05-29,3379075000,864000,http://www.nhc.gov.cn/jkj/s7915/202205/514ad0d6472e49e98cdb63d1427ed02f.shtml
199,2022-05-28,3378211000,1058000,http://www.nhc.gov.cn/jkj/s7915/202205/19073b18ce054c3bb0cd370fe1d3223e.shtml
200,2022-05-27,3377153000,1255000,http://www.nhc.gov.cn/jkj/s7915/202205/751f6e2cfbd54398bd44d70d105f57d4.shtml
201,2022-05-26,3375898000,1172000,http://www.nhc.gov.cn/jkj/s7915/202205/1996ae58fc6749dcb28941f6658cae9a.shtml
202,2022-05-25,3374726000,1266000,http://www.nhc.gov.cn/jkj/s7915/202205/2b7cb05828364228b41a6566ae232c41.shtml
203,2022-05-24,3373460000,1217000,http://www.nhc.gov.cn/jkj/s7915/202205/b388cf58b1374f90805cc51b68929f14.shtml
204,2022-05-23,3372243000,1147000,http://www.nhc.gov.cn/jkj/s7915/202205/cb88c17859ed4aaa97ab206a6a5c5122.shtml
205,2022-05-22,3371096000,934000,http://www.nhc.gov.cn/jkj/s7915/202205/a53728e0d8e34fc7ac26e77f57b8c08d.shtml
206,2022-05-21,3370162000,1105000,http://www.nhc.gov.cn/jkj/s7915/202205/49ae9af7859a43a09da361ca1c192e8c.shtml
207,2022-05-20,3369057000,1337000,http://www.nhc.gov.cn/jkj/s7915/202205/10195c42e4c149d5bdff70827bdd5f15.shtml
208,2022-05-19,3367720000,1318000,http://www.nhc.gov.cn/jkj/s7915/202205/953954e881954536a23653a3424d65f8.shtml
209,2022-05-18,3366402000,1415000,http://www.nhc.gov.cn/jkj/s7915/202205/1ae8cf2da9954f8a96ad8da3b429a10b.shtml
210,2022-05-17,3364987000,1336000,http://www.nhc.gov.cn/jkj/s7915/202205/eb02d86cce30486c95c3b3142f832df5.shtml
211,2022-05-16,3363651000,1262000,http://www.nhc.gov.cn/jkj/s7915/202205/c0cef5a32010489f8744fc8db56a5939.shtml
212,2022-05-15,3362389000,1056000,http://www.nhc.gov.cn/jkj/s7915/202205/daa4ab0890c547c8b35b99cc769b2523.shtml
213,2022-05-14,3361333000,1283000,http://www.nhc.gov.cn/jkj/s7915/202205/b7bee38d0b644b4dbe9e78f3725ddd0a.shtml
214,2022-05-13,3360050000,1474000,http://www.nhc.gov.cn/jkj/s7915/202205/576f121dc47f417f8ad3fc9c681b98be.shtml
215,2022-05-12,3358576000,1456000,http://www.nhc.gov.cn/jkj/s7915/202205/c24f278e058547c993f9df40720e6634.shtml
216,2022-05-11,3357120000,1585000,http://www.nhc.gov.cn/jkj/s7915/202205/cfe970af12394c9f98ab40a4a3bc05e0.shtml
217,2022-05-10,3355535000,1339000,http://www.nhc.gov.cn/jkj/s7915/202205/bda85702349342119d1491b1c60d8ee4.shtml
218,2022-05-09,3354196000,1174000,http://www.nhc.gov.cn/jkj/s7915/202205/0a3450c207b5488da26acf09bef061ab.shtml
219,2022-05-08,3353022000,969000,http://www.nhc.gov.cn/jkj/s7915/202205/ff8000f3d90b4e4da8e91de27729cfc0.shtml
220,2022-05-07,3352053000,1119000,http://www.nhc.gov.cn/jkj/s7915/202205/2b87a26240ae4581b02451ee51985e2a.shtml
221,2022-05-06,3350934000,1232000,http://www.nhc.gov.cn/jkj/s7915/202205/80d61b53920c496c8519701b61bf0dc4.shtml
222,2022-05-05,3349702000,1114000,http://www.nhc.gov.cn/jkj/s7915/202205/733a6530f4ff4f668791e45dc978170b.shtml
223,2022-05-04,3348588000,948000,http://www.nhc.gov.cn/jkj/s7915/202205/e995def42125473bbc3238f8180a90cb.shtml
224,2022-05-03,3347640000,1033000,http://www.nhc.gov.cn/jkj/s7915/202205/72300467443d422b8025563dee2ea350.shtml
225,2022-05-02,3346607000,1083000,http://www.nhc.gov.cn/jkj/s7915/202205/bd5317f2727444dabe6af3d22ec51707.shtml
226,2022-05-01,3345524000,996000,http://www.nhc.gov.cn/jkj/s7915/202205/df075fb8a21a4b47b4a8be63e8a4d7df.shtml
227,2022-04-30,3344528000,1520000,http://www.nhc.gov.cn/jkj/s7915/202205/a812fd406ee74cc6b35780d9abac0a74.shtml
228,2022-04-29,3343008000,2297000,http://www.nhc.gov.cn/jkj/s7915/202204/6f0897ccfe874f6e8a60544f5452deac.shtml
229,2022-04-28,3340711000,2156000,http://www.nhc.gov.cn/jkj/s7915/202204/a2acd0bed9d94c47acb71b44f58448ba.shtml
230,2022-04-27,3338555000,2270000,http://www.nhc.gov.cn/jkj/s7915/202204/7f303e56d5164ccc8ada3fdf001c69c4.shtml
231,2022-04-26,3336285000,2267000,http://www.nhc.gov.cn/jkj/s7915/202204/c081d58377d04416879df542507b3717.shtml
232,2022-04-25,3334018000,2247000,http://www.nhc.gov.cn/jkj/s7915/202204/1ce2f64073b64b19a17dd7ebdc8017fb.shtml
233,2022-04-24,3331771000,2005000,http://www.nhc.gov.cn/jkj/s7915/202204/095b35f2177b471bb41a9b69fedcb1cb.shtml
234,2022-04-23,3329766000,2150000,http://www.nhc.gov.cn/jkj/s7915/202204/021ce16cceb34a88aecd099ba37a764f.shtml
235,2022-04-22,3327616000,2567000,http://www.nhc.gov.cn/jkj/s7915/202204/8728241c2f5f493aa5eb6cf8a8bb660c.shtml
236,2022-04-21,3325049000,2561000,http://www.nhc.gov.cn/jkj/s7915/202204/b48b611f1b56423494777f821a5a8685.shtml
237,2022-04-20,3322488000,2538000,http://www.nhc.gov.cn/jkj/s7915/202204/77a552289b8f4a829f65499eaee3053c.shtml
238,2022-04-19,3319950000,2487000,http://www.nhc.gov.cn/jkj/s7915/202204/60086051e79c4bef91840e06d327b3c6.shtml
239,2022-04-18,3317463000,2277000,http://www.nhc.gov.cn/jkj/s7915/202204/de074a1fe9764fffa2c60fecda0131b3.shtml
240,2022-04-17,3315186000,1848000,http://www.nhc.gov.cn/jkj/s7915/202204/881150a697144bea88f13e0565b4dc63.shtml
241,2022-04-16,3313338000,2093000,http://www.nhc.gov.cn/jkj/s7915/202204/8f19a6d0cfb140bba8f5150a86f9ab23.shtml
242,2022-04-15,3311245000,2629000,http://www.nhc.gov.cn/jkj/s7915/202204/e1db01925a1747e7a48f43f2f18dc44f.shtml
243,2022-04-14,3308616000,2732000,http://www.nhc.gov.cn/jkj/s7915/202204/62b495e26f4c4735b3dd8d3363d0d155.shtml
244,2022-04-13,3305884000,2758000,http://www.nhc.gov.cn/jkj/s7915/202204/32d76b8e6f4142f2abf95496fa640fe1.shtml
245,2022-04-12,3303126000,2798000,http://www.nhc.gov.cn/jkj/s7915/202204/6fe09df2147f4d8a9283d584b60362f3.shtml
246,2022-04-11,3300328000,2777000,http://www.nhc.gov.cn/jkj/s7915/202204/93219ff434e042bdba1121edb95394d2.shtml
247,2022-04-10,3297551000,2343000,http://www.nhc.gov.cn/jkj/s7915/202204/3c903e9285c14d72b9edb212876ac81f.shtml
248,2022-04-09,3295208000,2565000,http://www.nhc.gov.cn/jkj/s7915/202204/c9b39861642348a1a312bc64bdbe0730.shtml
249,2022-04-08,3292643000,3180000,http://www.nhc.gov.cn/jkj/s7915/202204/9b2d989dfc5b4516a6be1f600d6e954c.shtml
250,2022-04-07,3289463000,3090000,http://www.nhc.gov.cn/jkj/s7915/202204/2a70296f3aa84392a493f03ffe0fd239.shtml
251,2022-04-06,3286373000,2787000,http://www.nhc.gov.cn/jkj/s7915/202204/4fbf38e8834a4a7bb2dacdee812d2e36.shtml
252,2022-04-05,3283586000,1982000,http://www.nhc.gov.cn/jkj/s7915/202204/c5541227084c43d8a555604b901c2cd3.shtml
253,2022-04-04,3281604000,2355000,http://www.nhc.gov.cn/jkj/s7915/202204/c0e1720f030f4d819b2d494911c53089.shtml
254,2022-04-03,3279249000,2363000,http://www.nhc.gov.cn/jkj/s7915/202204/08dfcb2f7a424c2e9bea9f485df7e034.shtml
255,2022-04-02,3276886000,2766000,http://www.nhc.gov.cn/jkj/s7915/202204/311452e077aa4d6181c548b615eb9441.shtml
256,2022-04-01,3274120000,3246000,http://www.nhc.gov.cn/jkj/s7915/202204/7f1a6cb515074a31a2ebb8598848a9bf.shtml
257,2022-03-31,3270874000,3734000,http://www.nhc.gov.cn/jkj/s7915/202204/2894b2b3db0f4a45aacdc15a3f675639.shtml
258,2022-03-30,3267140000,4011000,http://www.nhc.gov.cn/jkj/s7915/202203/7f4569e348c044f4a0b45ca4c56d28ed.shtml
259,2022-03-29,3263129000,4087000,http://www.nhc.gov.cn/jkj/s7915/202203/d81d339daf694f97952f10d9d8604143.shtml
260,2022-03-28,3259042000,4058000,http://www.nhc.gov.cn/jkj/s7915/202203/ed9ed42b09e84802a1f264e19577cb44.shtml
261,2022-03-27,3254984000,3572000,http://www.nhc.gov.cn/jkj/s7915/202203/7bd1cdabf9574dc78bcbdf02fe02290b.shtml
262,2022-03-26,3251412000,3788000,http://www.nhc.gov.cn/jkj/s7915/202203/2ef60393c7f241b08a147e62501c5680.shtml
263,2022-03-25,3247624000,4025000,http://www.nhc.gov.cn/jkj/s7915/202203/0efc26837ba249348cbb29e3cfc6213e.shtml
264,2022-03-24,3243599000,4429000,http://www.nhc.gov.cn/jkj/s7915/202203/1a3bdfa2e634409794b9d5e6ed0c31c4.shtml
265,2022-03-23,3239170000,4569000,http://www.nhc.gov.cn/jkj/s7915/202203/9661d13a892e44b3820f99fc6c81a5d1.shtml
266,2022-03-22,3234601000,4234000,http://www.nhc.gov.cn/jkj/s7915/202203/fcfb2a5f659446e19d70644ae8e77311.shtml
267,2022-03-21,3230367000,4033000,http://www.nhc.gov.cn/jkj/s7915/202203/38d254dd7a594dfc9cad9788180a0620.shtml
268,2022-03-20,3226334000,3466000,http://www.nhc.gov.cn/jkj/s7915/202203/b7dc68982ef44cf5a11f859cae50d8ea.shtml
269,2022-03-19,3222868000,4152000,http://www.nhc.gov.cn/jkj/s7915/202203/beba90ad9594434a89d18115603baca4.shtml
270,2022-03-18,3218716000,4943000,http://www.nhc.gov.cn/jkj/s7915/202203/1864889e2f404686a6da64336ec388f3.shtml
271,2022-03-17,3213773000,4732000,http://www.nhc.gov.cn/jkj/s7915/202203/4860193a87064179866f275c836b98f9.shtml
272,2022-03-16,3209041000,5353000,http://www.nhc.gov.cn/jkj/s7915/202203/76ed4f22334941a089c4ce3524e7fa55.shtml
273,2022-03-15,3203688000,5416000,http://www.nhc.gov.cn/jkj/s7915/202203/6362f2487e7f408988cc1bd66a55c7e6.shtml
274,2022-03-14,3198272000,5036000,http://www.nhc.gov.cn/jkj/s7915/202203/96d688c7e80744d0abff3b4e15e09b84.shtml
275,2022-03-13,3193236000,3810000,http://www.nhc.gov.cn/jkj/s7915/202203/945a85f6163d4f258337513c34852e09.shtml
276,2022-03-12,3189426000,4187000,http://www.nhc.gov.cn/jkj/s7915/202203/c187f837f34741d4985307c4d3fbb49c.shtml
277,2022-03-11,3185239000,5179000,http://www.nhc.gov.cn/jkj/s7915/202203/b4e5a46c2b06436581d5c235fbcb9cdc.shtml
278,2022-03-10,3180060000,5076000,http://www.nhc.gov.cn/jkj/s7915/202203/b13a9dc5eb8b48dbb2340fe4ce598bd8.shtml
279,2022-03-09,3174984000,5068000,http://www.nhc.gov.cn/jkj/s7915/202203/4cbfde9d2d9d41ae814e1bca7b337a76.shtml
280,2022-03-08,3169916000,4430000,http://www.nhc.gov.cn/jkj/s7915/202203/f285e3af6ca847a7a5fb59ae55fd8c73.shtml
281,2022-03-07,3165486000,4801000,http://www.nhc.gov.cn/jkj/s7915/202203/7bdf4d3500f041c1a7ad1606c3f0ea42.shtml
282,2022-03-06,3160685000,3786000,http://www.nhc.gov.cn/jkj/s7915/202203/fbea6006c7ce463193682d0a26b10669.shtml
283,2022-03-05,3156899000,4480000,http://www.nhc.gov.cn/jkj/s7915/202203/51618a50fffb4dd5b40f3e2a656ec0e3.shtml
284,2022-03-04,3152419000,5412000,http://www.nhc.gov.cn/jkj/s7915/202203/07114fb7a5004436989e8b616128a413.shtml
285,2022-03-03,3147007000,5534000,http://www.nhc.gov.cn/jkj/s7915/202203/49113fa4fc364e67a07a9d3a0a9b476c.shtml
286,2022-03-02,3141473000,5875000,http://www.nhc.gov.cn/jkj/s7915/202203/fd9f79390e4741b39b159a9559d7f72e.shtml
287,2022-03-01,3135598000,5753000,http://www.nhc.gov.cn/jkj/s7915/202203/bd7dc1b9d46347bcb354d2849989cb91.shtml
288,2022-02-28,3129845000,5727000,http://www.nhc.gov.cn/jkj/s7915/202203/6863dc607b8b4c5c9164daf198bd509e.shtml
289,2022-02-27,3124118000,4454000,http://www.nhc.gov.cn/jkj/s7915/202202/6066259e4f1c40b3a285ae3c78035784.shtml
290,2022-02-26,3119664000,5042000,http://www.nhc.gov.cn/jkj/s7915/202202/87b09a23d5be4a27850b48cae6e45694.shtml
291,2022-02-25,3114622000,6336000,http://www.nhc.gov.cn/jkj/s7915/202202/f908a557b2914fbe8e3d14d937afa6a6.shtml
292,2022-02-24,3108286000,6526000,http://www.nhc.gov.cn/jkj/s7915/202202/185174bf8da4447699ce118b50736cfa.shtml
293,2022-02-23,3101760000,5993000,http://www.nhc.gov.cn/jkj/s7915/202202/03f98e7cd6c248a1bb536c9780ddadc8.shtml
294,2022-02-22,3095767000,5458000,http://www.nhc.gov.cn/jkj/s7915/202202/41d5c8e8dc224260a50f23a628d765a5.shtml
295,2022-02-21,3090309000,5597000,http://www.nhc.gov.cn/jkj/s7915/202202/25865d5a079f4fcaa413c2395804fe3f.shtml
296,2022-02-20,3084712000,3924000,http://www.nhc.gov.cn/jkj/s7915/202202/09d99074a32b48b997eca7ae6c571253.shtml
297,2022-02-19,3080788000,5036000,http://www.nhc.gov.cn/jkj/s7915/202202/dde371bf12ed47beb4bbc3fdcbe179a7.shtml
298,2022-02-18,3075752000,6133000,http://www.nhc.gov.cn/jkj/s7915/202202/de01baf169f24eac8329ff902a8db3df.shtml
299,2022-02-17,3069619000,6228000,http://www.nhc.gov.cn/jkj/s7915/202202/91805fa0c30e4627961dfce0c7e2d2eb.shtml
300,2022-02-16,3063391000,6394000,http://www.nhc.gov.cn/jkj/s7915/202202/6564cf2132254ab0b1ec82d94e33a4f3.shtml
301,2022-02-15,3056997000,4562000,http://www.nhc.gov.cn/jkj/s7915/202202/dd81fb1aa3404d42826e72635c95b10b.shtml
302,2022-02-14,3052435000,5748000,http://www.nhc.gov.cn/jkj/s7915/202202/e419d2282f5743f99e6b004abf432d7b.shtml
303,2022-02-13,3046687000,4311000,http://www.nhc.gov.cn/jkj/s7915/202202/0ce66c7071a247368e014d3afca56a18.shtml
304,2022-02-12,3042376000,5669000,http://www.nhc.gov.cn/jkj/s7915/202202/bc40c4306ef4426e9073de9dc936a97c.shtml
305,2022-02-11,3036707000,7119000,http://www.nhc.gov.cn/jkj/s7915/202202/4d3548192ea84f9485aec4b1565c66d4.shtml
306,2022-02-10,3029588000,6942000,http://www.nhc.gov.cn/jkj/s7915/202202/1cb48014b4cd41ff87588ac4d976d955.shtml
307,2022-02-09,3022646000,6496000,http://www.nhc.gov.cn/jkj/s7915/202202/c683a07208114ddcabfbd385cebd4b69.shtml
308,2022-02-08,3016150000,5481000,http://www.nhc.gov.cn/jkj/s7915/202202/844e234c140245f396a4f6c720c524fa.shtml
309,2022-02-07,3010669000,3807000,http://www.nhc.gov.cn/jkj/s7915/202202/a75a1394d7d646a68b56982f6909dfd2.shtml
310,2022-02-06,3006862000,2181000,http://www.nhc.gov.cn/jkj/s7915/202202/8fdc7d236a4e45029bb54d127af35940.shtml
311,2022-02-05,3004681000,1785000,http://www.nhc.gov.cn/jkj/s7915/202202/6f73d81cb71d4557a735d291fcf4232c.shtml
312,2022-02-04,3002896000,1272000,http://www.nhc.gov.cn/jkj/s7915/202202/5a56a1e0809a41748d6890f6e9539c18.shtml
313,2022-02-03,3001624000,731000,http://www.nhc.gov.cn/jkj/s7915/202202/b7c09bbe69da4fcfa4576fa6874dca99.shtml
314,2022-02-02,3000893000,290000,http://www.nhc.gov.cn/jkj/s7915/202202/79ad8acd3fa849a18a4ad69a93880b45.shtml
315,2022-02-01,3000603000,71000,http://www.nhc.gov.cn/jkj/s7915/202202/174768886a414f0baa2a79ae94c56a7e.shtml
316,2022-01-31,3000532000,334000,http://www.nhc.gov.cn/jkj/s7915/202202/6ad091676c084a9aaa3741217e94c964.shtml
317,2022-01-30,3000198000,2314000,http://www.nhc.gov.cn/jkj/s7915/202201/348223221c3b44a29d022bcdaca3ac4c.shtml
318,2022-01-29,2997884000,3722000,http://www.nhc.gov.cn/jkj/s7915/202201/0c08abd489d04d8eb9b50d17bb19229c.shtml
319,2022-01-28,2994162000,4682000,http://www.nhc.gov.cn/jkj/s7915/202201/64c142501b11405d93505c24dfc53aa1.shtml
320,2022-01-27,2989480000,5425000,http://www.nhc.gov.cn/jkj/s7915/202201/3b84e036f4c24615857ec5fdf0967c1e.shtml
321,2022-01-26,2984055000,5409000,http://www.nhc.gov.cn/jkj/s7915/202201/08e7053bbd924ac68f62c95773dfc151.shtml
322,2022-01-25,2978646000,5187000,http://www.nhc.gov.cn/jkj/s7915/202201/a246c8738e9141b2ab10d54e9c8ae126.shtml
323,2022-01-24,2973459000,5338000,http://www.nhc.gov.cn/jkj/s7915/202201/8b2fbd77036b4803bb48779cc4c1e72a.shtml
324,2022-01-23,2968121000,3751000,http://www.nhc.gov.cn/jkj/s7915/202201/10a28ef9be1e48beaa3202afa43287f2.shtml
325,2022-01-22,2964370000,3695000,http://www.nhc.gov.cn/jkj/s7915/202201/c9cf46411f724cb9a633a27c521a2283.shtml
326,2022-01-21,2960675000,4457000,http://www.nhc.gov.cn/jkj/s7915/202201/505cba7e29784f6d9e283558e8b46397.shtml
327,2022-01-20,2956218000,4372000,http://www.nhc.gov.cn/jkj/s7915/202201/f8311b9659414e85b4ef9ac898720673.shtml
328,2022-01-19,2951846000,4710000,http://www.nhc.gov.cn/jkj/s7915/202201/87b647f68b8744cea6c901a964752605.shtml
329,2022-01-18,2947136000,5025000,http://www.nhc.gov.cn/jkj/s7915/202201/43a390868cb84030b24a9af3da1ff448.shtml
330,2022-01-17,2942111000,4479000,http://www.nhc.gov.cn/jkj/s7915/202201/8d493478365041eeb4d66c51bb7941ea.shtml
331,2022-01-16,2937632000,4147000,http://www.nhc.gov.cn/jkj/s7915/202201/b70c608c14fa44879541fe532a7587cf.shtml
332,2022-01-15,2933485000,4504000,http://www.nhc.gov.cn/jkj/s7915/202201/5942e980b1f94feab09674dadee3ecf5.shtml
333,2022-01-14,2928981000,5283000,http://www.nhc.gov.cn/jkj/s7915/202201/8672ce15c0814531bdcf112e39db0d8d.shtml
334,2022-01-13,2923698000,5449000,http://www.nhc.gov.cn/jkj/s7915/202201/dc70eac469d04610968e830a97c63675.shtml
335,2022-01-12,2918249000,6071000,http://www.nhc.gov.cn/jkj/s7915/202201/35b5348b0ebd4ceea1dd998876496e97.shtml
336,2022-01-11,2912178000,6540000,http://www.nhc.gov.cn/jkj/s7915/202201/a03f0dea03f247089ea9273fcf686b1a.shtml
337,2022-01-10,2905638000,6081000,http://www.nhc.gov.cn/jkj/s7915/202201/66a1e6d75ed84248949187951461b8ec.shtml
338,2022-01-09,2899557000,5379000,http://www.nhc.gov.cn/jkj/s7915/202201/81a3b6dbe8924060b3598ba7194d750d.shtml
339,2022-01-08,2894178000,6406000,http://www.nhc.gov.cn/jkj/s7915/202201/41fe6208e852432f94aa59381c6b83bd.shtml
340,2022-01-07,2887772000,7779000,http://www.nhc.gov.cn/jkj/s7915/202201/35d71da2d3ac4b7182f8d324059270ef.shtml
341,2022-01-06,2879993000,7976000,http://www.nhc.gov.cn/jkj/s7915/202201/f907621192b4441f89d684f66c9d3e86.shtml
342,2022-01-05,2872017000,8456000,http://www.nhc.gov.cn/jkj/s7915/202201/12ed35e8f95f47058a2826ad1a123760.shtml
343,2022-01-04,2863561000,8336000,http://www.nhc.gov.cn/jkj/s7915/202201/4c9e0a3aac7e429faa544bd698bd1cea.shtml
344,2022-01-03,2855225000,7327000,http://www.nhc.gov.cn/jkj/s7915/202201/681409df76514c809a08c255e6a042ff.shtml
345,2022-01-02,2847898000,6629000,http://www.nhc.gov.cn/jkj/s7915/202201/48ae26522c1f449c93b17069ac989c2a.shtml
346,2022-01-01,2841269000,5937000,http://www.nhc.gov.cn/jkj/s7915/202201/5d0572a3b92e4cc093f01c26ce9bdcb3.shtml
347,2021-12-31,2835332000,11914000,http://www.nhc.gov.cn/jkj/s7915/202201/ca4bcad1630242aba6b6c9cd9e26de0a.shtml
348,2021-12-30,2823418000,13300000,http://www.nhc.gov.cn/jkj/s7915/202112/bf39106662c840faa848a217ecf1bf00.shtml
349,2021-12-29,2810118000,14402000,http://www.nhc.gov.cn/jkj/s7915/202112/68ad42c6d64f43ccbf908a71af9512ea.shtml
350,2021-12-28,2795716000,13847000,http://www.nhc.gov.cn/jkj/s7915/202112/bbed4aaa78cf4d019f47cd6f8d6108b5.shtml
351,2021-12-27,2781869000,12339000,http://www.nhc.gov.cn/jkj/s7915/202112/cb9ffd8e849e4489a0ab751f7eaaafcc.shtml
352,2021-12-26,2769530000,11436000,http://www.nhc.gov.cn/jkj/s7915/202112/1fd51af4972146a9a846bafb6ab75be1.shtml
353,2021-12-25,2758094000,12217000,http://www.nhc.gov.cn/jkj/s7915/202112/f63915d69b274a21a70bdb418194a0a8.shtml
354,2021-12-24,2745877000,13128000,http://www.nhc.gov.cn/jkj/s7915/202112/690b96ef633640bbb0b090832eb27eda.shtml
355,2021-12-23,2732749000,13290000,http://www.nhc.gov.cn/jkj/s7915/202112/6b5206025190475b867691434ee1766b.shtml
356,2021-12-22,2719459000,12783000,http://www.nhc.gov.cn/jkj/s7915/202112/7dbcf714770d4331a8a6b571e2830a22.shtml
357,2021-12-21,2706676000,11495000,http://www.nhc.gov.cn/jkj/s7915/202112/1364a9a797154512b1984e486a617072.shtml
358,2021-12-20,2695181000,10891000,http://www.nhc.gov.cn/jkj/s7915/202112/db462ee568e34beaab9dbc69fa34fe01.shtml
359,2021-12-19,2684290000,10602000,http://www.nhc.gov.cn/jkj/s7915/202112/9b0efe79ee6b4b8286c5e745541c8b2e.shtml
360,2021-12-18,2673688000,11850000,http://www.nhc.gov.cn/jkj/s7915/202112/04a5b1c987da4587a6b659f1be9e809e.shtml
361,2021-12-17,2661838000,11277000,http://www.nhc.gov.cn/jkj/s7915/202112/e3e478af0c1049d48970081cb62f66fd.shtml
362,2021-12-16,2650561000,10502000,http://www.nhc.gov.cn/jkj/s7915/202112/35451410e9914759bf83c37f8abb8023.shtml
363,2021-12-15,2640059000,9855000,http://www.nhc.gov.cn/jkj/s7915/202112/b0f95553eb824f74a4860f3b2dbc688e.shtml
364,2021-12-14,2630204000,9014000,http://www.nhc.gov.cn/jkj/s7915/202112/679c1906b67b42a596f6cdcdc34343ac.shtml
365,2021-12-13,2621190000,8972000,http://www.nhc.gov.cn/jkj/s7915/202112/1fb3ea05fc05487b89140ed7aa831f1c.shtml
366,2021-12-12,2612218000,9515000,http://www.nhc.gov.cn/jkj/s7915/202112/9bbd20f318d84186a6334c48a4af15f5.shtml
367,2021-12-11,2602703000,10824000,http://www.nhc.gov.cn/jkj/s7915/202112/30348af67acf47539e3ad124881793b2.shtml
368,2021-12-10,2591879000,9139000,http://www.nhc.gov.cn/jkj/s7915/202112/b745eb101a314b6397be543d7492f0c8.shtml
369,2021-12-09,2582740000,7809000,http://www.nhc.gov.cn/jkj/s7915/202112/a8adbfd47da24d4b8c5f69b5880bedc7.shtml
370,2021-12-08,2574931000,7379000,http://www.nhc.gov.cn/jkj/s7915/202112/02052467ced44fe69cba8fbf31293246.shtml
371,2021-12-07,2567552000,7435000,http://www.nhc.gov.cn/jkj/s7915/202112/50ed46dc4225486f9c3fc188e9db4a39.shtml
372,2021-12-06,2560117000,7089000,http://www.nhc.gov.cn/jkj/s7915/202112/04ebed91dfa049368950ae2c62b499ff.shtml
373,2021-12-05,2553028000,9604000,http://www.nhc.gov.cn/jkj/s7915/202112/fa102947e6654971b702df9b6558646f.shtml
374,2021-12-04,2543424000,10625000,http://www.nhc.gov.cn/jkj/s7915/202112/004246ccbad448b89ad1bda3ada40b79.shtml
375,2021-12-03,2532799000,8436000,http://www.nhc.gov.cn/jkj/s7915/202112/a6e6ef6421c14cc1a3f830c0348fa765.shtml
376,2021-12-02,2524363000,7983000,http://www.nhc.gov.cn/jkj/s7915/202112/dcf486f78a0f46ef8488dea2cc3728a0.shtml
377,2021-12-01,2516380000,8405000,http://www.nhc.gov.cn/jkj/s7915/202112/403a2f68899a4fb98c56e46d9e5a1e70.shtml
378,2021-11-30,2507975000,8162000,http://www.nhc.gov.cn/jkj/s7915/202112/222ad3cd759c4662a59860c2e89ca584.shtml
379,2021-11-29,2499813000,7772000,http://www.nhc.gov.cn/jkj/s7915/202111/f93e80d541d34eb48784b5af3306ceaa.shtml
380,2021-11-28,2492041000,9146000,http://www.nhc.gov.cn/jkj/s7915/202111/970bf4a0d83c4a71955f4359011248a3.shtml
381,2021-11-27,2482895000,10048000,http://www.nhc.gov.cn/jkj/s7915/202111/b1864983e6e04e8ca2916a5782606e6d.shtml
382,2021-11-26,2472847000,8517000,http://www.nhc.gov.cn/jkj/s7915/202111/f4be32135985483991c7daaa5acb99c7.shtml
383,2021-11-25,2464330000,7713000,http://www.nhc.gov.cn/jkj/s7915/202111/9004f22459a4479dbfa9e2523c7f864f.shtml
384,2021-11-24,2456617000,7190000,http://www.nhc.gov.cn/jkj/s7915/202111/2fc55c2a266145178e4bc8e3d19b03a8.shtml
385,2021-11-23,2449427000,6641000,http://www.nhc.gov.cn/jkj/s7915/202111/e3117afc766e48ca925f4137c13bafff.shtml
386,2021-11-22,2442786000,5534000,http://www.nhc.gov.cn/jkj/s7915/202111/4753f84882fd49ffa80e2fc9c4db1f20.shtml
387,2021-11-21,2437252000,6509000,http://www.nhc.gov.cn/jkj/s7915/202111/988b2d7956094548a52e190722e884f3.shtml
388,2021-11-20,2430743000,7835000,http://www.nhc.gov.cn/jkj/s7915/202111/f088a85ef1b24310b02cf7f74196f65f.shtml
389,2021-11-19,2422908000,6729000,http://www.nhc.gov.cn/jkj/s7915/202111/bca81376ea1c4f67a30db5a4865cf491.shtml
390,2021-11-18,2416179000,6395000,http://www.nhc.gov.cn/jkj/s7915/202111/9c463145a8374fc5a09e91a518c71713.shtml
391,2021-11-17,2409784000,6887000,http://www.nhc.gov.cn/jkj/s7915/202111/f7cec24248b048dab7c8e9ff14fa7027.shtml
392,2021-11-16,2402897000,6852000,http://www.nhc.gov.cn/jkj/s7915/202111/c0f33ee41a9244278d983234f838db3f.shtml
393,2021-11-15,2396045000,6477000,http://www.nhc.gov.cn/jkj/s7915/202111/806a0ebc9df947b7b2ec43a45d88b8c1.shtml
394,2021-11-14,2389568000,7435000,http://www.nhc.gov.cn/jkj/s7915/202111/15ab6018bf46407b9d12ed2510b5b8b6.shtml
395,2021-11-13,2382133000,9420000,http://www.nhc.gov.cn/jkj/s7915/202111/98d4e656254346ba918a8c945486d461.shtml
396,2021-11-12,2372713000,8681000,http://www.nhc.gov.cn/jkj/s7915/202111/fc017abab2af4dfbbe5b4f0bdcbf8795.shtml
397,2021-11-11,2364032000,8507000,http://www.nhc.gov.cn/jkj/s7915/202111/01dbf4412d9b4cfa8f85004c6311b743.shtml
398,2021-11-10,2355525000,8694000,http://www.nhc.gov.cn/jkj/s7915/202111/a250f34460a7416ba712e244550a1c62.shtml
399,2021-11-09,2346831000,8338000,http://www.nhc.gov.cn/jkj/s7915/202111/4971cd825683438185271869183daba0.shtml
400,2021-11-08,2338493000,7767000,http://www.nhc.gov.cn/jkj/s7915/202111/309e663a3f614b7b8c2e1e59648debf0.shtml
401,2021-11-07,2330726000,8624000,http://www.nhc.gov.cn/jkj/s7915/202111/88ce173506994b458b969059b6a17e25.shtml
402,2021-11-06,2322102000,10476000,http://www.nhc.gov.cn/jkj/s7915/202111/ffe30bbabb5b47efb857504da20f63f0.shtml
403,2021-11-05,2311626000,8947000,http://www.nhc.gov.cn/jkj/s7915/202111/68d1e9754da14f7db2ef6132f707dbd2.shtml
404,2021-11-04,2302679000,8859000,http://www.nhc.gov.cn/jkj/s7915/202111/eee0bfbdefd54ad3a9b09957d6e13a6c.shtml
405,2021-11-03,2293820000,7866000,http://www.nhc.gov.cn/jkj/s7915/202111/ccecad98db87436a80a042c176c7b937.shtml
406,2021-11-02,2285954000,6532000,http://www.nhc.gov.cn/jkj/s7915/202111/c30b612914234593a5389edae5953d39.shtml
407,2021-11-01,2279422000,5350000,http://www.nhc.gov.cn/jkj/s7915/202111/5e687b673afa480da56c01be4259675a.shtml
408,2021-10-31,2274072000,5710000,http://www.nhc.gov.cn/jkj/s7915/202111/a533ee03be4648a5858554ab04591ef6.shtml
409,2021-10-30,2268362000,6136000,http://www.nhc.gov.cn/jkj/s7915/202110/a56e84ee264f44e99051cf1371fb9dfc.shtml
410,2021-10-29,2262226000,4642000,http://www.nhc.gov.cn/jkj/s7915/202110/11be9548a9ef4e1ca389b719c4235cea.shtml
411,2021-10-28,2257584000,3332000,http://www.nhc.gov.cn/jkj/s7915/202110/f4c4fe9912944c2e826b8376c27dc076.shtml
412,2021-10-27,2254252000,2913000,http://www.nhc.gov.cn/jkj/s7915/202110/7a8fdaa2dfa34acc84663488cf892c99.shtml
413,2021-10-26,2251339000,2651000,http://www.nhc.gov.cn/jkj/s7915/202110/86b07bea84b544acb274a7e0520c4150.shtml
414,2021-10-25,2248688000,2471000,http://www.nhc.gov.cn/jkj/s7915/202110/476396af826b4fac956209e5082cd552.shtml
415,2021-10-24,2246217000,1490000,http://www.nhc.gov.cn/jkj/s7915/202110/6302b23e07554c1d939e271f8dda70c4.shtml
416,2021-10-23,2244727000,1709000,http://www.nhc.gov.cn/jkj/s7915/202110/9c9af79215d942bfb778785ebfe13064.shtml
417,2021-10-22,2243018000,2468000,http://www.nhc.gov.cn/jkj/s7915/202110/25530d3867cd460bb4ea24c2f8f14c39.shtml
418,2021-10-21,2240550000,2225000,http://www.nhc.gov.cn/jkj/s7915/202110/a214158950c44e8a8267f3de229aed20.shtml
419,2021-10-20,2238325000,2099000,http://www.nhc.gov.cn/jkj/s7915/202110/febf34f3e8ec435cbf8a0070b7885c28.shtml
420,2021-10-19,2236226000,2130000,http://www.nhc.gov.cn/jkj/s7915/202110/d43226f89b3f4977813f35bd6b9acd2b.shtml
421,2021-10-18,2234096000,2008000,http://www.nhc.gov.cn/jkj/s7915/202110/7a19b9a6254c443f94944193a6f85139.shtml
422,2021-10-17,2232088000,1521000,http://www.nhc.gov.cn/jkj/s7915/202110/9d6d4c32ea09463c95043228634a233a.shtml
423,2021-10-16,2230567000,1355000,http://www.nhc.gov.cn/jkj/s7915/202110/eb10929b0e764535af4a5631ea4f8a73.shtml
424,2021-10-15,2229212000,1878000,http://www.nhc.gov.cn/jkj/s7915/202110/9b878825392d4732b256971b36456eaa.shtml
425,2021-10-14,2227334000,1830000,http://www.nhc.gov.cn/jkj/s7915/202110/dea770617a3340d59838db4bd79054f6.shtml
426,2021-10-13,2225504000,1423000,http://www.nhc.gov.cn/jkj/s7915/202110/1fca4cdedd084cde8de3089fd51fa254.shtml
427,2021-10-12,2224081000,1415000,http://www.nhc.gov.cn/jkj/s7915/202110/aa8c8f586ea84c81bd6b0fec842724e1.shtml
428,2021-10-11,2222666000,1421000,http://www.nhc.gov.cn/jkj/s7915/202110/d93825cbfc1c49b9b3b8ef0706a5d147.shtml
429,2021-10-10,2221245000,1117000,http://www.nhc.gov.cn/jkj/s7915/202110/b3f0ba747c43439b9b1f382559fd6343.shtml
430,2021-10-09,2220128000,1302000,http://www.nhc.gov.cn/jkj/s7915/202110/d0d4cd74d15c4f7ab270fe33296567d9.shtml
431,2021-10-08,2218826000,1263000,http://www.nhc.gov.cn/jkj/s7915/202110/c0f1a3623c704a209bac7ffa60ff73fb.shtml
432,2021-10-07,2217563000,1181000,http://www.nhc.gov.cn/jkj/s7915/202110/3fc297a34a4b480885a5cc5197f8883b.shtml
433,2021-10-06,2216382000,954000,http://www.nhc.gov.cn/jkj/s7915/202110/b126dbedadf6447ca2aac7709a9f4a47.shtml
434,2021-10-05,2215428000,864000,http://www.nhc.gov.cn/jkj/s7915/202110/c19ce13b72244dadb0d884d4a36bd27f.shtml
435,2021-10-04,2214564000,873000,http://www.nhc.gov.cn/jkj/s7915/202110/3d6c94230b0e452488444c747218739f.shtml
436,2021-10-03,2213691000,730000,http://www.nhc.gov.cn/jkj/s7915/202110/cc400c2654ac4533ac11299868bb6e64.shtml
437,2021-10-02,2212961000,755000,http://www.nhc.gov.cn/jkj/s7915/202110/f1b6f84479604b4f80c5fab31008e817.shtml
438,2021-10-01,2212206000,754000,http://www.nhc.gov.cn/jkj/s7915/202110/b8d0abe4d1454482889829db14e0bd5c.shtml
439,2021-09-30,2211452000,2531000,http://www.nhc.gov.cn/jkj/s7915/202110/74fa8f4493914a65b9b01acdaca4f925.shtml
440,2021-09-29,2208921000,2867000,http://www.nhc.gov.cn/jkj/s7915/202109/3400c574c9f9499dbe0c41a3e33a0bec.shtml
441,2021-09-28,2206054000,2869000,http://www.nhc.gov.cn/jkj/s7915/202109/72de5858b4914539a3f203eaeb6771a1.shtml
442,2021-09-27,2203185000,2983000,http://www.nhc.gov.cn/jkj/s7915/202109/2341f6772efa4aa2add3da106b476b40.shtml
443,2021-09-26,2200202000,2513000,http://www.nhc.gov.cn/jkj/s7915/202109/d668f6cf750b4a9784378da18d9985f4.shtml
444,2021-09-25,2197689000,3222000,http://www.nhc.gov.cn/jkj/s7915/202109/d8630c2ef53347b58a1fe8639ca8cef7.shtml
445,2021-09-24,2194467000,3675000,http://www.nhc.gov.cn/jkj/s7915/202109/cfa7777b053f4e1ba3d64022699fe7d7.shtml
446,2021-09-23,2190792000,4209000,http://www.nhc.gov.cn/jkj/s7915/202109/ffa7ab09eada4bf784df35a060c2af05.shtml
447,2021-09-22,2186583000,3979000,http://www.nhc.gov.cn/jkj/s7915/202109/93a6f1a21cd743d483671f100fee0f71.shtml
448,2021-09-21,2182604000,1618000,http://www.nhc.gov.cn/jkj/s7915/202109/503b98eecf244838a21e4e4eb469554b.shtml
449,2021-09-20,2180986000,3348000,http://www.nhc.gov.cn/jkj/s7915/202109/39c6d2db749a485a94ad6e09714da9ed.shtml
450,2021-09-19,2177638000,3595000,http://www.nhc.gov.cn/jkj/s7915/202109/152d7277c1e6453a958d79e8fb6b9fb0.shtml
451,2021-09-18,2174043000,4026000,http://www.nhc.gov.cn/jkj/s7915/202109/c6ea777909104f2f8b9b88f602d58f6d.shtml
452,2021-09-17,2170017000,4338000,http://www.nhc.gov.cn/jkj/s7915/202109/8c4dcdd82704486d960ae950c66d234f.shtml
453,2021-09-16,2165679000,4251000,http://www.nhc.gov.cn/jkj/s7915/202109/2a0090fd9a6748d189492ab91238cefc.shtml
454,2021-09-15,2161428000,4490000,http://www.nhc.gov.cn/jkj/s7915/202109/0167700eff50411d8ba1d04f79023ce1.shtml
455,2021-09-14,2156938000,4418000,http://www.nhc.gov.cn/jkj/s7915/202109/db13ecdcd1e74b66972d86c270491039.shtml
456,2021-09-13,2152520000,4400000,http://www.nhc.gov.cn/jkj/s7915/202109/47aad44bd9b54b59a33d29f7f7c2ca9e.shtml
457,2021-09-12,2148120000,5540000,http://www.nhc.gov.cn/jkj/s7915/202109/eb87e72f753b4ba3a45004330c1b6a97.shtml
458,2021-09-11,2142580000,7340000,http://www.nhc.gov.cn/jkj/s7915/202109/ed4ffd35fcb6490381cfb357f68f35a2.shtml
459,2021-09-10,2135240000,5407000,http://www.nhc.gov.cn/jkj/s7915/202109/7d80233c5449497b9f5cb6e95390478a.shtml
460,2021-09-09,2129833000,5251000,http://www.nhc.gov.cn/jkj/s7915/202109/3d3b819d5f574099bb42faf327ae35c3.shtml
461,2021-09-08,2124582000,5557000,http://www.nhc.gov.cn/jkj/s7915/202109/99ddec2270f4490d8ae2f7025ac6c796.shtml
462,2021-09-07,2119025000,5942000,http://www.nhc.gov.cn/jkj/s7915/202109/b298913d782f4370b9ffd8ea22126a45.shtml
463,2021-09-06,2113083000,5638000,http://www.nhc.gov.cn/jkj/s7915/202109/9160bc3c64744f278de3b47356fa4d8e.shtml
464,2021-09-05,2107445000,7058000,http://www.nhc.gov.cn/jkj/s7915/202109/3dfd6315f9234a9da1622d2cd68df98f.shtml
465,2021-09-04,2100387000,8213000,http://www.nhc.gov.cn/jkj/s7915/202109/374bf3ef36b247839601f1c191c8644b.shtml
466,2021-09-03,2092174000,7524000,http://www.nhc.gov.cn/jkj/s7915/202109/3b6d005cb9994f1eb67cb0c5467e39b9.shtml
467,2021-09-02,2084650000,8222000,http://www.nhc.gov.cn/jkj/s7915/202109/98620aac1d6b4738887c0d7b00744578.shtml
468,2021-09-01,2076428000,8839000,http://www.nhc.gov.cn/jkj/s7915/202109/8cd99c22fea74ebbafbe22f48ff55601.shtml
469,2021-08-31,2067589000,11623000,http://www.nhc.gov.cn/jkj/s7915/202109/532ea949181e44988d3765a775bb170b.shtml
470,2021-08-30,2055966000,11341000,http://www.nhc.gov.cn/jkj/s7915/202108/184ada26390546bc90cdabebe25fe5de.shtml
471,2021-08-29,2044625000,11691000,http://www.nhc.gov.cn/jkj/s7915/202108/431cbd3a4fc34fe3af25801abd674870.shtml
472,2021-08-28,2032934000,13385000,http://www.nhc.gov.cn/jkj/s7915/202108/2d51303d095e49118cdbd958594ce2b2.shtml
473,2021-08-27,2019549000,15635000,http://www.nhc.gov.cn/jkj/s7915/202108/fc4d2595279f4158960e5e988c85a4c2.shtml
474,2021-08-26,2003914000,15481000,http://www.nhc.gov.cn/jkj/s7915/202108/d4b293af07a54c80b4656eb672e7df88.shtml
475,2021-08-25,1988433000,12695000,http://www.nhc.gov.cn/jkj/s7915/202108/dd50de9b920b43268d5f61d8d90e79d9.shtml
476,2021-08-24,1975738000,13845000,http://www.nhc.gov.cn/jkj/s7915/202108/be52c13a94d94568bd87db40f9c4222e.shtml
477,2021-08-23,1961893000,14939000,http://www.nhc.gov.cn/jkj/s7915/202108/7da864e2bc3541b8b9562646ff797ccd.shtml
478,2021-08-22,1946954000,11085000,http://www.nhc.gov.cn/jkj/s7915/202108/70501814de9345ad9e9ae4083d1e2f3e.shtml
479,2021-08-21,1935869000,11479000,http://www.nhc.gov.cn/jkj/s7915/202108/d2b1143179fb48d883be03a8b1b97398.shtml
480,2021-08-20,1924390000,11971000,http://www.nhc.gov.cn/jkj/s7915/202108/3960a74ad4804dfd8d95e8cfead0b73e.shtml
481,2021-08-19,1912419000,12292000,http://www.nhc.gov.cn/jkj/s7915/202108/afb009eb54eb4fff86c9d9595ecb74f3.shtml
482,2021-08-18,1900127000,12854000,http://www.nhc.gov.cn/jkj/s7915/202108/838eac7e251d4513aa985f158add89d3.shtml
483,2021-08-17,1887273000,11902000,http://www.nhc.gov.cn/jkj/s7915/202108/9123f8d095304c48b4843dc80185ea9d.shtml
484,2021-08-16,1875371000,12443000,http://www.nhc.gov.cn/jkj/s7915/202108/0103c2752a84466db735fe6cbfdcc26c.shtml
485,2021-08-15,1862928000,9089000,http://www.nhc.gov.cn/jkj/s7915/202108/57c084ce991c49b0a3a685528543891f.shtml
486,2021-08-14,1853839000,9457000,http://www.nhc.gov.cn/jkj/s7915/202108/05856d8cfabf48d4949b4379b076d308.shtml
487,2021-08-13,1844382000,11932000,http://www.nhc.gov.cn/jkj/s7915/202108/f18691e9a2c9474485557d80f4dad093.shtml
488,2021-08-12,1832450000,12212000,http://www.nhc.gov.cn/jkj/s7915/202108/a5692e89b5ee43e0bbb1c6088840d884.shtml
489,2021-08-11,1820238000,12146000,http://www.nhc.gov.cn/jkj/s7915/202108/9ec02a8bf9954af2a8ca452e18a1136c.shtml
490,2021-08-10,1808092000,13043000,http://www.nhc.gov.cn/jkj/s7915/202108/5f13b4539acc4276bbb9cfd9dfa5bec8.shtml
491,2021-08-09,1795049000,12524000,http://www.nhc.gov.cn/jkj/s7915/202108/86bf5cbbf91e490bbb484244a190092a.shtml
492,2021-08-08,1782525000,12221000,http://www.nhc.gov.cn/jkj/s7915/202108/58fdf39d51a745e3a8a0a4eb98d96984.shtml
493,2021-08-07,1770304000,12524000,http://www.nhc.gov.cn/jkj/s7915/202108/e2e021c2b8d04516a08477ae34499262.shtml
494,2021-08-06,1757780000,15968000,http://www.nhc.gov.cn/jkj/s7915/202108/7191e83058b24d79b7104c3b716e94aa.shtml
495,2021-08-05,1741812000,15589000,http://www.nhc.gov.cn/jkj/s7915/202108/60c5f536c898462b83264bb719699e16.shtml
496,2021-08-04,1726223000,17867000,http://www.nhc.gov.cn/jkj/s7915/202108/39679e47dbb849e386f64247fd241082.shtml
497,2021-08-03,1708356000,19673000,http://www.nhc.gov.cn/jkj/s7915/202108/8b14279dd96d4bb2a84000b4969c08e3.shtml
498,2021-08-02,1688683000,19156000,http://www.nhc.gov.cn/jkj/s7915/202108/9044b294e03a417b9be06665a6bc4478.shtml
499,2021-08-01,1669527000,16708000,http://www.nhc.gov.cn/jkj/s7915/202108/e20e290678ea4c7dadd8d80a3a303a1a.shtml
500,2021-07-31,1652819000,15424000,http://www.nhc.gov.cn/jkj/s7915/202108/cb8b1aa884eb4da1bdcc31a4e90a5337.shtml
501,2021-07-30,1637395000,18177000,http://www.nhc.gov.cn/jkj/s7915/202107/b979481d6c364473a3f5863853fb7ad1.shtml
502,2021-07-29,1619218000,17969000,http://www.nhc.gov.cn/jkj/s7915/202107/a254a488ffcd479e83ca8883b592d098.shtml
503,2021-07-28,1601249000,17888000,http://www.nhc.gov.cn/jkj/s7915/202107/247c2795b5c14a909bd12bdc634803e1.shtml
504,2021-07-27,1583361000,17489000,http://www.nhc.gov.cn/xcs/yqjzqk/202107/172756a4036f4f0ab7ab734bfdb39ca0.shtml
505,2021-07-26,1565872000,15604000,http://www.nhc.gov.cn/xcs/yqjzqk/202107/d9fb9651e6214f648a412d9b892c684d.shtml
506,2021-07-25,1550268000,11561000,http://www.nhc.gov.cn/xcs/yqjzqk/202107/8348635aeddd4ac58dcef6276fdbcda8.shtml
507,2021-07-24,1538707000,13810000,http://www.nhc.gov.cn/xcs/yqjzqk/202107/6ea19a1d67de4c798d52a4193c06e738.shtml
508,2021-07-23,1524897000,17292000,http://www.nhc.gov.cn/xcs/yqjzqk/202107/1460008ea51d456391ff3405fab20c85.shtml
509,2021-07-22,1507605000,16000000,http://www.nhc.gov.cn/xcs/yqjzqk/202107/1c8671825659484d9110efb9e7573230.shtml
510,2021-07-21,1491605000,13121000,http://www.nhc.gov.cn/xcs/yqjzqk/202107/3df346b9c3b64006963c8093d47ad725.shtml
511,2021-07-20,1478484000,11168000,http://www.nhc.gov.cn/xcs/yqjzqk/202107/abc2bd8dfead4f8ca9b1a36f11fe24c1.shtml
512,2021-07-19,1467316000,10759000,http://www.nhc.gov.cn/xcs/yqjzqk/202107/85e198dec50c4400b2dff160b97d9908.shtml
513,2021-07-18,1456557000,9130000,http://www.nhc.gov.cn/xcs/yqjzqk/202107/a1923a0b996448258aa7d26ca41797cc.shtml
514,2021-07-17,1447427000,9804000,http://www.nhc.gov.cn/xcs/yqjzqk/202107/ab60eb82c9524b01910e6061fb4216ab.shtml
515,2021-07-16,1437623000,11276000,http://www.nhc.gov.cn/xcs/yqjzqk/202107/b17bb27474e54f1d980fec46a3fe16a8.shtml
516,2021-07-15,1426347000,11738000,http://www.nhc.gov.cn/xcs/yqjzqk/202107/6fb6e12e27e04dd1815c5742fc5b8dfb.shtml
517,2021-07-14,1414609000,12590000,http://www.nhc.gov.cn/xcs/yqjzqk/202107/3e5a9b6d536c48bf8d57ca9a7bf08817.shtml
518,2021-07-13,1402019000,10587000,http://www.nhc.gov.cn/xcs/yqjzqk/202107/ee186c5952bf4066a845954b8ec7d561.shtml
519,2021-07-12,1391432000,8950000,http://www.nhc.gov.cn/xcs/yqjzqk/202107/f132e3b541824f8abf51ba504f0ce50b.shtml
520,2021-07-11,1382482000,8320000,http://www.nhc.gov.cn/xcs/yqjzqk/202107/350e483540b54bda948c8816e64d3ecf.shtml
521,2021-07-10,1374162000,8699000,http://www.nhc.gov.cn/xcs/yqjzqk/202107/1efc0522cf6840d588347b7d529fb988.shtml
522,2021-07-09,1365463000,11237000,http://www.nhc.gov.cn/xcs/yqjzqk/202107/4e61b9db4be649b5b8eef7ec6396d6b3.shtml
523,2021-07-08,1354226000,11845000,http://www.nhc.gov.cn/xcs/yqjzqk/202107/b2e4240b4da342d2878824f430863fcc.shtml
524,2021-07-07,1342381000,10712000,http://www.nhc.gov.cn/xcs/yqjzqk/202107/131087b17fe44568b05c189a7512259c.shtml
525,2021-07-06,1331669000,13252000,http://www.nhc.gov.cn/xcs/yqjzqk/202107/5617c924149f405baf37bec1020f76e5.shtml
526,2021-07-05,1318417000,12918000,http://www.nhc.gov.cn/xcs/yqjzqk/202107/7556cf8d3bf4443b8343e93f038ffbd4.shtml
527,2021-07-04,1305499000,9462000,http://www.nhc.gov.cn/xcs/yqjzqk/202107/28eeeae09f26401383185cfef72a8368.shtml
528,2021-07-03,1296037000,12862000,http://www.nhc.gov.cn/xcs/yqjzqk/202107/eca9a2401360415b84fbd3b62e362ec1.shtml
529,2021-07-02,1283175000,19026000,http://www.nhc.gov.cn/xcs/yqjzqk/202107/a20dc2587b664ca4ab26bd6800a3de89.shtml
530,2021-07-01,1264149000,19474000,http://www.nhc.gov.cn/xcs/yqjzqk/202107/e65157ce424f48c0b6f9f05c9855b526.shtml
531,2021-06-30,1244675000,18941000,http://www.nhc.gov.cn/xcs/yqjzqk/202107/2a4b54053a4c416ca8cb62a9f7f9edb7.shtml
532,2021-06-29,1225734000,19020000,http://www.nhc.gov.cn/xcs/yqjzqk/202106/67dc906521854d33966e55e222a60941.shtml
533,2021-06-28,1206714000,20927000,http://www.nhc.gov.cn/xcs/yqjzqk/202106/74ed0aa148744960988030bf6a3186da.shtml
534,2021-06-27,1185787000,20557000,http://www.nhc.gov.cn/xcs/yqjzqk/202106/6e26629586ef4da184f1e0a8b32761ae.shtml
535,2021-06-26,1165230000,21425000,http://www.nhc.gov.cn/xcs/yqjzqk/202106/90421eab3d8841acad840ef1e48f0d37.shtml
536,2021-06-25,1143805000,23162000,http://www.nhc.gov.cn/xcs/yqjzqk/202106/d9e2a34c3ed94a42ad37aecdb359f1ae.shtml
537,2021-06-24,1120643000,24741000,http://www.nhc.gov.cn/xcs/yqjzqk/202106/88f52193e017454797849d2df572201f.shtml
538,2021-06-23,1095902000,24119000,http://www.nhc.gov.cn/xcs/yqjzqk/202106/d38cff6ee53248ae93ae4f1b808357d6.shtml
539,2021-06-22,1071783000,22039000,http://www.nhc.gov.cn/xcs/yqjzqk/202106/94c91da29b1a41fca00ab6bf4b4f32cd.shtml
540,2021-06-21,1049744000,20521000,http://www.nhc.gov.cn/xcs/yqjzqk/202106/beff1109ca1f42aca1adaca564eaac14.shtml
541,2021-06-20,1029223000,18734000,http://www.nhc.gov.cn/xcs/yqjzqk/202106/ddd7b535796040ed8b86f9e34fd218bb.shtml
542,2021-06-19,1010489000,20232000,http://www.nhc.gov.cn/xcs/yqjzqk/202106/a170c7ae7fda4809af3961dc6d79c2ff.shtml
543,2021-06-18,990257000,23605000,http://www.nhc.gov.cn/xcs/yqjzqk/202106/9a10c06abebc496fa7d6124c527b2fae.shtml
544,2021-06-17,966652000,21502000,http://www.nhc.gov.cn/xcs/yqjzqk/202106/5f0a37302be54ec08cc10d37275f2f89.shtml
545,2021-06-16,945150000,21240000,http://www.nhc.gov.cn/xcs/yqjzqk/202106/33a723c6caf74dd99c2efa2f8156f72a.shtml
546,2021-06-15,923910000,19776000,http://www.nhc.gov.cn/xcs/yqjzqk/202106/55adb725f1b54665815be7e73e3c83db.shtml
547,2021-06-14,904134000,11364000,http://www.nhc.gov.cn/xcs/yqjzqk/202106/961215a2f9974b5988855d9fb55d89e0.shtml
548,2021-06-13,892770000,14247000,http://www.nhc.gov.cn/xcs/yqjzqk/202106/12fa90b8940a454a9ef277fdac7a39d4.shtml
549,2021-06-12,878523000,15010000,http://www.nhc.gov.cn/xcs/yqjzqk/202106/0c0ef78796004b6d8710074d95c41c96.shtml
550,2021-06-11,863513000,18214000,http://www.nhc.gov.cn/xcs/yqjzqk/202106/361693e0f94b4aee91f87534a6a55c72.shtml
551,2021-06-10,845299000,20443000,http://www.nhc.gov.cn/xcs/yqjzqk/202106/75fd453f86334d1fba4435f6a67c19d0.shtml
552,2021-06-09,824856000,15894000,http://www.nhc.gov.cn/xcs/yqjzqk/202106/99e9c0d61a244a49b74873c10da173df.shtml
553,2021-06-08,808962000,14828000,http://www.nhc.gov.cn/xcs/yqjzqk/202106/6a50b63968e84d24aebac02e75626b95.shtml
554,2021-06-07,794134000,16255000,http://www.nhc.gov.cn/xcs/yqjzqk/202106/f97274715d7c4f969c30909f83e4c8f4.shtml
555,2021-06-06,777879000,14814000,http://www.nhc.gov.cn/xcs/yqjzqk/202106/09dace9cad2a4907be424b0887d1a873.shtml
556,2021-06-05,763065000,18582000,http://www.nhc.gov.cn/xcs/yqjzqk/202106/193847fa4d304c038fe42e45142c2289.shtml
557,2021-06-04,744483000,20997000,http://www.nhc.gov.cn/xcs/yqjzqk/202106/37acb04cceb04e4aaae6893a9bad3916.shtml
558,2021-06-03,723486000,18660000,http://www.nhc.gov.cn/xcs/yqjzqk/202106/bd36bf049b4541cba84d5984c76b527e.shtml
559,2021-06-02,704826000,22918000,http://www.nhc.gov.cn/xcs/yqjzqk/202106/3ff617f188134b1c80a4920b7b25a609.shtml
560,2021-06-01,681908000,20440000,http://www.nhc.gov.cn/xcs/yqjzqk/202106/9db49006ea4d4ab78e5a59a318cfea4f.shtml
561,2021-05-31,661468000,22296000,http://www.nhc.gov.cn/xcs/yqjzqk/202106/6c7027253d164dd0af5f35e6cfe5876e.shtml
562,2021-05-30,639172000,18198000,http://www.nhc.gov.cn/xcs/yqjzqk/202105/d0846315c0eb47398c688460e74a88ee.shtml
563,2021-05-29,620974000,17983000,http://www.nhc.gov.cn/xcs/yqjzqk/202105/8902b7eefe21410f80809b69877de220.shtml
564,2021-05-28,602991000,18631000,http://www.nhc.gov.cn/xcs/yqjzqk/202105/41095a9c33f84918bd7c2178b0197d3e.shtml
565,2021-05-27,584360000,17637000,http://www.nhc.gov.cn/xcs/yqjzqk/202105/c24473c47d174853883263be6224aa08.shtml
566,2021-05-26,566723000,20009000,http://www.nhc.gov.cn/xcs/yqjzqk/202105/36daebf9b3e64743ad0101eb5de99a0e.shtml
567,2021-05-25,546714000,19461000,http://www.nhc.gov.cn/xcs/yqjzqk/202105/993e4d140563489581ae4c6f46589cd3.shtml
568,2021-05-24,527253000,16395000,http://www.nhc.gov.cn/xcs/yqjzqk/202105/3e082b13ab6442c2a9f3c39a9022498a.shtml
569,2021-05-23,510858000,13586000,http://www.nhc.gov.cn/xcs/yqjzqk/202105/afbb6bb24f864a7ba1db6614198ed694.shtml
570,2021-05-22,497272000,13929000,http://www.nhc.gov.cn/xcs/yqjzqk/202105/7221884f11274319884d8b117459c980.shtml
571,2021-05-21,483343000,16645000,http://www.nhc.gov.cn/xcs/yqjzqk/202105/5077e137a981420191949ae0a78b7e07.shtml
572,2021-05-20,466698000,17187000,http://www.nhc.gov.cn/xcs/yqjzqk/202105/61ca087702164c328e87f2ed3516a77f.shtml
573,2021-05-19,449511000,13822000,http://www.nhc.gov.cn/xcs/yqjzqk/202105/4336f905c94d4e63bbb4e55302214a98.shtml
574,2021-05-18,435689000,13698000,http://www.nhc.gov.cn/xcs/yqjzqk/202105/beda31b9f97b4c3cae8afba056330f98.shtml
575,2021-05-17,421991000,15053000,http://www.nhc.gov.cn/xcs/yqjzqk/202105/d6d3f0285aac443492eacb54229e7fbb.shtml
576,2021-05-16,406938000,13951000,http://www.nhc.gov.cn/xcs/yqjzqk/202105/2636a2e16c6c4fc89e2358bd3898b9ce.shtml
577,2021-05-15,392987000,12354000,http://www.nhc.gov.cn/xcs/yqjzqk/202105/0f6e49055a0d404ca88e4d7bea980065.shtml
578,2021-05-14,380633000,13723000,http://www.nhc.gov.cn/xcs/yqjzqk/202105/09de8b7859bc4403bde228a737cfa121.shtml
579,2021-05-13,366910000,12638000,http://www.nhc.gov.cn/xcs/yqjzqk/202105/3d1e04af70e54341a44242c6dc607115.shtml
580,2021-05-12,354272000,11575000,http://www.nhc.gov.cn/xcs/yqjzqk/202105/b7bc06a552664328970365fb3a735501.shtml
581,2021-05-11,342697000,9733000,http://www.nhc.gov.cn/xcs/yqjzqk/202105/0aee1b23440e42c49df395f5f2900636.shtml
582,2021-05-10,332964000,8657000,http://www.nhc.gov.cn/xcs/yqjzqk/202105/1d39b2d2ff1a447894d71e7e5b67d847.shtml
583,2021-05-09,324307000,6721000,http://www.nhc.gov.cn/xcs/yqjzqk/202105/cd31bab9052a447eae2d1388a9cf601d.shtml
584,2021-05-08,317586000,9360000,http://www.nhc.gov.cn/xcs/yqjzqk/202105/dc8199af5c2a49d5a7475f7004ff4901.shtml
585,2021-05-07,308226000,10492000,http://www.nhc.gov.cn/xcs/yqjzqk/202105/a5babdbadf2e48348f1d5e053159d891.shtml
586,2021-05-06,297734000,8107000,http://www.nhc.gov.cn/xcs/yqjzqk/202105/e129e5425ffb4686b053ddbd550e9305.shtml
587,2021-05-05,289627000,5032000,http://www.nhc.gov.cn/xcs/yqjzqk/202105/c953cb843e384c21941d489f6ac66f7f.shtml
588,2021-05-04,284595000,4690000,http://www.nhc.gov.cn/xcs/yqjzqk/202105/1531d77b498d46eb8853297e8d9c7c84.shtml
589,2021-05-03,279905000,4567000,http://www.nhc.gov.cn/xcs/yqjzqk/202105/e9af9abc284a41cbb52ea0089c5e8012.shtml
590,2021-05-02,275338000,4932000,http://www.nhc.gov.cn/xcs/yqjzqk/202105/a7bed5e941be4e679c83bcb4ee5b603b.shtml
591,2021-05-01,270406000,5342000,http://www.nhc.gov.cn/xcs/yqjzqk/202105/2e1664555701455ba9d3b84189f95776.shtml
592,2021-04-30,265064000,11601000,http://www.nhc.gov.cn/xcs/yqjzqk/202105/24b44c42bc9140b8a8f47769678e113d.shtml
593,2021-04-29,253463000,9558000,http://www.nhc.gov.cn/xcs/yqjzqk/202104/347a9fa13b3e4a428cae5d54d058fd4e.shtml
594,2021-04-28,243905000,7929000,http://www.nhc.gov.cn/xcs/yqjzqk/202104/693f417183cb44bd8a774b2f1419c399.shtml
595,2021-04-27,235976000,6487000,http://www.nhc.gov.cn/xcs/yqjzqk/202104/6fa3e91fe96f424ab144c1f33fcafab9.shtml
596,2021-04-26,229489000,4588000,http://www.nhc.gov.cn/xcs/yqjzqk/202104/6342f4bb39114716bcd1cb5c452cb704.shtml
597,2021-04-25,224901000,4592000,http://www.nhc.gov.cn/xcs/yqjzqk/202104/1e17e9266d1e4fa883ef2e480b37b40d.shtml
598,2021-04-24,220309000,4225000,http://www.nhc.gov.cn/xcs/yqjzqk/202104/571c23a11513435db0246103873d1639.shtml
599,2021-04-23,216084000,4861000,http://www.nhc.gov.cn/xcs/yqjzqk/202104/6a06d971a4e34c69b48f47dfeff9cb11.shtml
600,2021-04-22,211223000,7032000,http://www.nhc.gov.cn/xcs/yqjzqk/202104/fd626cb91aec4991b39e7197cdaa8885.shtml
601,2021-04-21,204191000,5226000,http://www.nhc.gov.cn/xcs/yqjzqk/202104/7596959f303944f0965a75f7f9ef5539.shtml
602,2021-04-20,198965000,3943000,http://www.nhc.gov.cn/xcs/yqjzqk/202104/4f3b401243cb4c57a940b6b9902f2bd9.shtml
603,2021-04-19,195022000,2895000,http://www.nhc.gov.cn/xcs/yqjzqk/202104/aa7229fe6d6d439aa60c884692cbc202.shtml
604,2021-04-18,192127000,2318000,http://www.nhc.gov.cn/xcs/yqjzqk/202104/6f2444d14dce4ccda1a53554feaa153a.shtml
605,2021-04-17,189809000,2441000,http://www.nhc.gov.cn/xcs/yqjzqk/202104/f024fd41574a4132bd5b007c12b71a17.shtml
606,2021-04-16,187368000,3832000,http://www.nhc.gov.cn/xcs/yqjzqk/202104/d2755da833374735ab125abcc2699849.shtml
607,2021-04-15,183536000,4320000,http://www.nhc.gov.cn/xcs/yqjzqk/202104/080e685e7a0b47bcb7bfef7e02499a45.shtml
608,2021-04-14,179216000,3593000,http://www.nhc.gov.cn/xcs/yqjzqk/202104/fdc6ca0da1f240298a6274d0b6a539fe.shtml
609,2021-04-13,175623000,3695000,http://www.nhc.gov.cn/xcs/yqjzqk/202104/0f1e58f027664c078e46665cb6b869e3.shtml
610,2021-04-12,171928000,4585000,http://www.nhc.gov.cn/xcs/yqjzqk/202104/f0de4b2c6a1f4f16b8ed58901946931a.shtml
611,2021-04-11,167343000,2872000,http://www.nhc.gov.cn/xcs/yqjzqk/202104/a61f34d7ac7e4692b13b0c8c0663b5f1.shtml
612,2021-04-10,164471000,3350000,http://www.nhc.gov.cn/xcs/yqjzqk/202104/f2bd77de994d4a798645a2316584f870.shtml
613,2021-04-09,161121000,5971000,http://www.nhc.gov.cn/xcs/yqjzqk/202104/1a24ec3c6c884cf1ae9d08e026f2b2ec.shtml
614,2021-04-08,155150000,6079000,http://www.nhc.gov.cn/xcs/yqjzqk/202104/70adf40602524305b66824bece1f298c.shtml
615,2021-04-07,149071000,3679000,http://www.nhc.gov.cn/xcs/yqjzqk/202104/4bf0af6598ca4a88872a8fae80544407.shtml
616,2021-04-06,145392000,2590000,http://www.nhc.gov.cn/xcs/yqjzqk/202104/f46fb541aabb4b4c8a79317dd542baa6.shtml
617,2021-04-05,142802000,2832000,http://www.nhc.gov.cn/xcs/yqjzqk/202104/1014615f73854e9c9cf75a10284ea2d9.shtml
618,2021-04-04,139970000,3293000,http://www.nhc.gov.cn/xcs/yqjzqk/202104/a2c7143c27bc4e2e9ba0645d582094cd.shtml
619,2021-04-03,136677000,2876000,http://www.nhc.gov.cn/xcs/yqjzqk/202104/1a71d84d4f314f6588915fe28c909dbf.shtml
620,2021-04-02,133801000,7185000,http://www.nhc.gov.cn/xcs/yqjzqk/202104/2d30c4012929439c9e7cfff8415da13d.shtml
621,2021-04-01,126616000,6795000,http://www.nhc.gov.cn/xcs/yqjzqk/202104/baebb6c1e09344a3a5463247860b4f84.shtml
622,2021-03-31,119821000,5131000,http://www.nhc.gov.cn/xcs/yqjzqk/202104/fdefb57de14e4837bff46353b872f17b.shtml
623,2021-03-30,114690000,3728000,http://www.nhc.gov.cn/xcs/yqjzqk/202103/3cf9e74a0c2546f7b13f5c206f738fd9.shtml
624,2021-03-29,110962000,4349000,http://www.nhc.gov.cn/xcs/yqjzqk/202103/7289a596c0994109841cb77e2c748a6f.shtml
625,2021-03-28,106613000,4196000,http://www.nhc.gov.cn/xcs/yqjzqk/202103/06db88dae17445fb82a6ba832efe9cf7.shtml
626,2021-03-27,102417000,4947000,http://www.nhc.gov.cn/xcs/yqjzqk/202103/575af2e2a7794f0b9e761e2c0390b69b.shtml
627,2021-03-26,97470000,6124000,http://www.nhc.gov.cn/xcs/yqjzqk/202103/0e5bf66b833a45de8db07e706775ae8e.shtml
628,2021-03-25,91346000,5356300,http://www.nhc.gov.cn/jkj/s7915/202103/0d1b93ae500c418db1955fb6b4ffee70.shtml
629,2021-03-25,85989700,0,http://www.nhc.gov.cn/jkj/s7915/202103/1d85a9ad629a4abcb4165803eb546b7a.shtml
630,2022-12-13,3451677000,1433000,http://www.gov.cn/xinwen/2022-12/14/content_5731922.htm
631,2022-12-14,3453156000,1479000,http://www.gov.cn/xinwen/2022-12/15/content_5732194.htm
